825,9,3,8,3,60,150,4,1,1,67.634,608.71,0.14613,1.3152,0.33863,0.47561,5,0.45072,-0.19777,16,0.11844,-0.5707,17,0.47713,-0.73429,63,0.76772,-0.35224,34,-0.087947,-0.49817,24,0.20211,-0.30446,4,-0.12256,-0.39694,39,0.29181,-0.27959,14,0.21841,-0.78269,31,-0.031431,0.078578,0.90313,0,0,0,0,0,0,0,0,0,0,0,0
825,9,3,8,3,60,150,4,1,1,67.663,608.97,0.17536,1.5782,-0.4009,-0.19239,5,0.51479,-0.60735,12,0.15593,-0.46356,20,0.3126,-0.34306,45,0.10832,-0.43923,30,0.12489,-0.49655,24,-1.0828,-0.63266,3,0.051068,-0.61561,35,0.1871,-0.60401,20,0.24056,-0.57471,25,-0.018341,0.074243,0.85331,0,0,0,0,0,0,0,0,0,0,0,0
825,9,3,8,3,60,150,4,1,1,67.693,609.23,0.20459,1.8413,-0.27701,-0.65014,10,0.3823,-0.30769,9,-0.0071859,-0.46031,17,0.16095,-0.41942,51,0.32452,-0.24462,31,-0.21334,-0.7696,22,-0.37481,0.27541,2,0.12434,-0.3971,36,0.16875,-0.40355,17,0.30886,-0.61257,18,-0.031346,0.082177,0.9445,0,0,0,0,0,0,0,0,0,0,0,0
825,9,3,8,3,60,150,4,1,1,67.722,609.5,0.23381,2.1043,-1.16,-0.8271,4,0.65013,-0.68645,3,0.8555,-0.014211,22,0.35256,-0.82753,63,0.026294,-0.55541,33,0.24423,-0.26099,20,0.74743,0.21805,7,0.3207,-0.31321,32,0.11156,-0.43307,9,0.20923,-0.91552,27,-0.011082,0.078571,0.90306,0,0,0,0,0,0,0,0,0,0,0,0
825,9,3,8,3,60,150,4,1,1,67.751,609.76,0.26304,2.3674,0.36974,0.28483,6,-1.4728,-0.7888,7,0.34769,-0.39468,20,0.44755,-0.58801,63,0.32569,-0.80722,39,0.1523,-0.82414,21,-0.70603,0.36991,5,0.33427,-0.5705,31,0.3456,-0.53593,13,0.43345,-0.53095,27,-0.24102,0.072597,0.83439,0,0,0,0,0,0,0,0,0,0,0,0
825,9,3,8,3,60,150,4,1,1,67.78,610.02,0.29227,2.6304,-0.48838,-0.27374,8,0.17906,-0.43885,3,0.11629,-0.5531,12,0.35326,-0.64649,64,0.069263,-0.66544,36,-0.39443,-0.66291,15,-1.0785,-0.54692,1,0.38488,-0.69295,32,0.19536,-0.38427,9,0.3816,-0.81647,24,-0.021172,0.078806,0.90575,0,0,0,0,0,0,0,0,0,0,0,0
825,9,3,8,3,60,150,4,1,1,67.809,610.29,0.32149,2.8934,0.14343,0.0803,4,-0.085679,-0.31377,4,0.19003,-0.3919,11,0.1821,-0.77069,74,0.20298,-0.60858,30,0.10562,-0.34966,18,-0.48915,-0.66041,2,0.12973,-0.67567,27,0.18196,-0.42298,10,0.18062,-0.59417,25,-0.00049808,0.083775,0.96286,0,0,0,0,0,0,0,0,0,0,0,0
825,9,3,8,3,60,150,4,1,1,67.839,610.55,0.35072,3.1565,-0.57207,-0.047223,6,0.25369,-0.42445,7,0.095258,-0.51761,15,0.18164,-0.80521,51,0.093861,-0.4385,25,0.15621,-0.38997,14,0.67816,-0.51224,3,0.35506,-0.88399,26,0.092446,-0.44153,12,-0.46756,-0.60703,23,0.025015,0.08537,0.9812,0,0,0,0,0,0,0,0,0,0,0,0
825,9,3,8,3,60,150,4,1,1,67.868,610.81,0.37995,3.4195,-1.0131,-0.60511,4,0.24837,-0.0031015,10,0.21113,-0.34546,12,0.28262,-0.46068,51,-0.017735,-0.39723,29,0.047285,-0.42119,11,0.018394,-0.28949,2,0.10503,-0.45115,26,0.24126,-0.41453,6,0.2863,-0.50467,18,0.011347,0.077652,0.89249,0,0,0,0,0,0,0,0,0,0,0,0
825,9,3,8,3,60,150,4,1,1,67.897,611.07,0.40917,3.6826,-0.44859,-0.57311,7,-0.22809,-0.37543,3,-0.052891,-0.44513,14,0.19674,-0.60662,42,0.12437,-0.72803,33,-0.34659,-0.49666,11,-0.56664,-1.3611,2,0.40556,-0.52275,28,0.22704,-0.5288,12,-0.090572,-0.35185,14,0.047658,0.083234,0.95664,0,0,0,0,0,0,0,0,0,0,0,0
825,9,3,8,3,60,150,4,1,1,67.926,611.34,0.4384,3.9456,0.63418,-0.89144,5,0.11096,-0.081821,9,0.31184,-0.50367,14,0.2986,-0.37381,49,0.20258,-0.23451,35,0.19525,-0.27433,11,-0.41675,-0.16265,5,-0.1518,-0.30263,28,0.082449,-0.79405,20,0.28421,-0.17934,20,-0.046641,0.080214,0.92194,0,0,0,0,0,0,0,0,0,0,0,0
825,9,3,8,3,60,150,4,1,1,67.956,611.6,0.46763,4.2086,0.48471,-0.17592,5,0.43573,0.29892,15,0.35446,-0.077945,13,0.37531,-0.51649,40,0.20689,0.017519,30,0.22231,-0.47633,10,-0.26044,0.30608,1,-0.068559,-0.58737,32,0.22116,-0.54574,17,0.13562,-0.56417,21,0.091099,0.082092,0.94352,0,0,0,0,0,0,0,0,0,0,0,0
825,9,3,8,3,60,150,4,1,1,67.985,611.86,0.49685,4.4717,-1.0319,-0.25169,6,-0.15014,-0.45814,9,-0.19983,-0.31086,12,0.33784,-0.62687,33,0.2627,-0.30929,31,-0.26149,-0.37811,11,-0.50624,-0.41634,4,0.074468,-0.36898,31,0.13569,-0.64669,15,0.13704,-0.31351,17,0.016639,0.078811,0.90581,0,0,0,0,0,0,0,0,0,0,0,0
825,9,3,8,3,60,150,4,1,1,68.014,612.13,0.52608,4.7347,0.4887,-0.29476,6,0.17331,-0.17632,7,0.21238,-0.0017076,11,0.3351,-0.37498,35,0.21165,-0.29144,33,-0.19309,-0.41721,8,0.065361,-0.98678,2,-0.22926,-0.52023,24,-0.16657,-0.58378,9,-0.15625,-0.40676,23,0.02421,0.076147,0.87519,0,0,0,0,0,0,0,0,0,0,0,0
825,9,3,8,3,60,150,4,1,1,68.043,612.39,0.55531,4.9978,-0.1465,-0.83623,5,0.30086,-0.40832,9,0.24573,-0.22732,10,0.49537,-0.51672,40,0.21026,-0.17481,23,-0.24953,-0.97796,7,-0.74744,-0.18923,2,0.11974,-0.31067,28,-0.19897,-0.6408,17,-0.28392,-0.33396,21,-0.18111,0.084116,0.96679,0,0,0,0,0,0,0,0,0,0,0,0
825,9,3,8,3,60,150,4,1,1,68.073,612.65,0.58453,5.2608,-0.54049,-0.24775,7,-0.1694,-0.27285,5,0.27278,-0.42439,12,0.29397,-0.51287,27,0.29749,-0.84499,33,-0.21813,-0.20934,15,-0.39501,-0.25786,3,0.12319,-0.45722,17,0.035409,-0.46113,13,0.13634,-0.69414,12,-0.0028584,0.076873,0.88354,0,0,0,0,0,0,0,0,0,0,0,0
825,9,3,8,3,60,150,4,1,1,68.102,612.92,0.61376,5.5238,-0.092149,0.51098,7,0.24622,0.39993,12,-0.58148,0.15403,18,-0.4246,0.15445,45,-1.1933,0.16518,25,-0.87538,-0.17095,17,-0.66356,-0.2379,2,-0.46109,-0.19079,34,-0.18721,0.31698,10,-0.61475,0.16655,11,0.046129,0.074389,0.85498,0,0,0,0,0,0,0,0,0,0,0,0
825,9,3,8,3,60,150,4,1,1,68.131,613.18,0.64299,5.7869,-0.28122,-0.74675,8,-0.80072,-0.58083,12,-0.92681,-0.45408,26,-1.0918,0.061421,81,-1.3561,-0.33035,23,-1.5412,-0.38627,18,-1.036,-0.46562,2,-0.5874,-0.070104,37,-0.37193,-0.13923,17,-0.56802,0.4935,18,-0.20373,0.079719,0.91625,0,0,0,0,0,0,0,0,0,0,0,0
825,9,3,8,3,60,150,4,1,1,68.16,613.44,0.67221,6.0499,-0.56316,0.18759,8,-0.49807,0.39435,15,-0.98508,0.14922,17,-1.0954,0.62787,85,-1.0238,0.21159,28,-1.0096,-0.32805,16,-0.70108,-0.42,2,-0.57578,0.45817,48,-0.59519,0.61644,5,-0.68721,0.87554,16,0.056937,0.073009,0.83913,0,0,0,0,0,0,0,0,0,0,0,0
825,9,3,8,3,60,150,4,1,1,68.189,613.7,0.70144,6.313,-0.42747,0.34357,4,0.62606,-0.37689,12,-1.0688,0.12687,16,-0.99786,0.80887,68,-1.2418,0.55204,19,-1.1967,-0.6254,8,-0.79226,-0.49841,2,-0.76184,0.91062,34,-0.39531,0.54802,5,-0.26627,0.52072,9,-0.10895,0.078776,0.9054,0,0,0,0,0,0,0,0,0,0,0,0
825,9,3,8,3,60,150,4,1,1,68.219,613.97,0.73067,6.576,0.7595,0.42002,4,-0.77412,0.39502,9,-1.1679,-0.013712,22,-0.60626,0.53258,53,-1.3633,0.084914,14,-0.84487,-0.57616,13,-1.0846,-0.71826,1,-0.57395,0.71935,40,-0.45421,-0.42874,10,-0.35073,0.72626,9,-0.33845,0.060878,0.9797,0,0,0,0,0,0,0,0,0,0,0,0
825,9,3,8,3,60,150,4,1,1,68.248,614.23,0.75989,6.839,-0.54981,0.20413,2,0.58641,0.60826,3,-0.78783,0.10886,18,-1.1589,1.1878,34,-1.2321,0.035912,11,-0.99688,-0.51686,14,-1.04,-0.49641,4,-0.71642,0.73988,33,-0.53777,0.48731,5,-0.39206,0.53689,10,-0.39556,0.044012,0.9376,0,0,0,0,0,0,0,0,0,0,0,0
825,9,3,8,3,60,150,4,1,1,68.277,614.49,0.78912,7.1021,-0.44823,0.62375,4,-0.46598,0.42364,13,-0.46425,0.4242,11,-0.69232,0.75098,31,-0.73528,-0.38499,8,-0.52234,-0.60575,9,-1.2194,-0.46554,3,-0.42877,0.65389,33,-0.15859,0.094543,6,-0.32314,0.50269,3,0.31345,0.080956,0.93047,0,0,0,0,0,0,0,0,0,0,0,0
825,9,3,8,3,60,150,4,1,1,68.306,614.76,0.81835,7.3651,-0.4804,0.36977,3,0.091137,0.16993,14,-0.69859,0.15502,9,-0.79801,0.69153,13,-0.72399,0.050206,8,-0.51608,-0.35966,4,-0.73552,-0.44202,1,-0.20389,0.38784,24,-0.15948,0.076041,8,-0.14825,-0.41753,9,-0.01983,0.074842,0.86019,0,0,0,0,0,0,0,0,0,0,0,0
825,9,3,8,3,60,150,4,1,1,68.336,615.02,0.84757,7.6282,-0.3569,0.53917,1,-0.29146,0.7495,11,0.53619,-0.20029,7,-0.53795,0.71541,10,0.53884,0.29997,8,-0.78192,0.050391,2,-0.24578,0.42544,1,-0.39447,0.91619,29,-0.41056,0.52012,6,-0.32271,0.67468,13,0.34241,0.073961,0.85007,0,0,0,0,0,0,0,0,0,0,0,0
825,9,3,8,3,60,150,4,1,1,68.365,615.28,0.8768,7.8912,0.15654,-0.65209,2,-0.57625,0.51158,15,-0.24974,0.45829,7,-0.77468,1.1312,2,0.48977,1.1258,6,-1.0339,0.45829,3,0,0,0,-0.50551,0.89304,33,-0.47042,0.018911,7,-0.35201,0.67347,20,-0.041152,0.080206,0.92185,0,0,0,0,0,0,0,0,0,0,0,0
825,9,3,8,3,60,150,4,1,1,68.394,615.55,0.90603,8.1542,-0.62967,-0.30911,2,-0.55723,0.5072,3,-0.57471,0.68776,4,-0.45492,0.49225,7,-0.50396,0.54535,4,-0.77174,-0.70881,2,0,0,0,-0.53239,0.61111,24,-0.3841,0.42341,6,-0.33414,0.51668,8,-0.057216,0.085677,0.98473,0,0,0,0,0,0,0,0,0,0,0,0
825,9,3,8,3,60,150,4,1,1,68.423,615.81,0.93525,8.4173,-0.93008,0.16129,3,-0.65317,0.1352,13,-0.021866,-0.38326,6,-0.12501,0.49213,7,-0.021866,0.2272,4,0.29594,-0.90991,3,0,0,0,-0.02956,0.53706,26,0.76531,0.35082,5,0.32795,0.36866,7,-0.050388,0.073923,0.84963,0,0,0,0,0,0,0,0,0,0,0,0
825,9,3,8,3,60,150,4,1,1,68.452,616.07,0.96448,8.6803,-0.43198,-0.08974,8,-0.68115,-0.12825,6,-0.36495,-0.21944,3,-0.57381,0.50143,6,-0.3281,-0.21944,3,-0.50521,-0.27661,5,-0.088977,-0.096475,2,-0.69253,0.54192,23,-0.44154,0.11259,3,-0.27263,0.26933,5,-0.03734,0.075831,0.87156,0,0,0,0,0,0,0,0,0,0,0,0
825,9,3,8,3,60,150,4,1,1,68.482,616.34,0.99371,8.9434,0.1029,0.0039244,4,-0.42996,0.29394,7,-0.36912,0.37709,2,-0.3202,0.39062,5,0.33953,-0.63651,2,0.24144,-0.52762,1,0.023704,-0.10018,2,-0.42425,0.63482,23,-0.41132,0.34459,4,-0.24298,0.45358,6,0.058723,0.083838,0.96359,0,0,0,0,0,0,0,0,0,0,0,0
825,9,3,8,3,60,150,4,1,1,68.511,616.6,1.0229,9.2064,-0.31029,-0.33348,7,-0.37056,0.044805,10,-0.3283,-0.1407,5,-0.39153,0.22469,2,0.4245,-0.87988,1,-0.31322,-0.14153,3,0.36227,-0.050785,5,-0.19622,0.3363,19,-0.32625,0.17885,4,0.41128,0.24389,10,0.96584,0.049626,0.66547,0,0,0,0,0,0,0,0,0,0,0,0
825,9,3,8,3,60,150,4,1,1,68.54,616.86,1.0522,9.4694,1.1962,0.45063,5,-0.42241,0.1889,15,-0.36071,0.15102,4,-0.27859,0.25472,5,-0.17025,0.30027,1,-0.35716,-0.15213,3,-0.10409,-0.32944,6,-0.43239,0.61195,24,-0.4108,0.21651,2,0.19477,-0.28034,6,0.85304,0.067627,0.77727,0,0,0,0,0,0,0,0,0,0,0,0
825,9,3,8,3,60,150,4,1,1,68.569,617.12,1.0814,9.7325,-0.3038,0.48651,5,-0.3725,0.07203,10,-0.40603,0.22695,12,-0.16627,0.30357,3,-0.3232,0.19515,7,-0.43328,-0.17782,10,-0.10044,0.71273,9,-0.16837,0.38163,31,0,0,0,0.38014,0.16203,11,0.95518,0.064368,0.91394,0,0,0,0,0,0,0,0,0,0,0,0
825,9,3,8,3,60,150,4,1,1,68.599,617.39,1.1106,9.9955,-0.38006,0.32397,6,-0.26148,-0.2599,10,-0.52268,0.32212,6,-0.31291,0.29476,1,-1.1003,-0.049255,3,-0.31244,0.046829,2,0,0,0,-0.3213,0.32371,30,-0.71325,0.34948,3,0,0,0,0.40458,0.076223,0.87606,0,0,0,0,0,0,0,0,0,0,0,0
825,9,3,8,3,60,150,4,1,1,68.628,617.65,1.1398,10.259,0.38086,0.16464,5,0.20368,-0.2684,5,-0.48271,0.78084,12,-0.28507,0.22146,2,0.060631,-0.36144,4,-0.2395,0.49373,5,-0.59344,-0.06395,3,-0.36115,0.48231,30,-0.67086,-0.12164,3,-0.26721,-0.06468,4,0.076447,0.080137,0.92105,0,0,0,0,0,0,0,0,0,0,0,0
825,9,3,8,3,60,150,4,1,1,68.657,617.91,1.1691,10.522,-0.29164,-0.1295,8,-0.36132,-0.17376,10,-0.36219,0.25323,13,-0.36671,-0.17758,5,-0.47845,0.69847,4,-0.3114,0.091052,8,-0.24584,0.25344,3,-0.44044,0.37666,33,-0.21553,-0.039961,3,-0.29651,-0.15781,3,0.13142,0.078028,0.89682,0,0,0,0,0,0,0,0,0,0,0,0
825,9,3,8,3,60,150,4,1,1,68.686,618.18,1.1983,10.785,-0.1771,0.76005,7,0.37452,-0.62995,5,-0.50821,0.35872,9,-0.89374,1.1935,4,-0.50821,0.147,1,-0.45978,0.026536,5,0,0,0,-0.18674,-0.12023,27,0,0,0,-0.1879,0.070263,1,0.12696,0.073806,0.84828,0,0,0,0,0,0,0,0,0,0,0,0
825,9,3,8,3,60,150,4,1,1,68.716,618.44,1.2275,11.048,-0.52416,-0.33021,7,-0.81318,1.2563,3,-0.29985,-0.034353,1,-0.22154,0.74669,2,-0.28918,0.14635,2,-0.29224,0.36026,1,0,0,0,-0.50268,0.48186,26,0,0,0,-0.32228,-0.17543,2,0.1147,0.077409,0.8897,0,0,0,0,0,0,0,0,0,0,0,0
825,9,3,8,3,60,150,4,1,1,68.745,618.7,1.2567,11.311,0.50646,0.03979,8,0.46023,0.44925,26,0.66838,0.40086,24,0.72545,0.43977,5,0.45674,0.52133,14,0.8506,-0.01013,5,0,0,0,0.52017,0.45597,42,0.80549,0.5012,21,0.72165,0.48344,24,0.058874,0.073688,0.84693,0,0,0,0,0,0,0,0,0,0,0,0
825,9,3,8,3,60,150,4,1,1,68.774,618.97,1.286,11.574,-0.85778,0.19171,12,-0.37818,-0.14927,22,0.32439,-0.17933,13,0.544,0.13998,2,0.48016,0.5482,9,-0.032235,-0.31684,4,0,0,0,-0.027298,0.24356,38,-0.31011,-0.22481,16,0.33646,0.27672,14,0.10084,0.078289,0.89981,0,0,0,0,0,0,0,0,0,0,0,0
825,9,3,8,3,60,150,4,1,1,68.803,619.23,1.3152,11.837,0.30596,0.15053,9,0.53784,0.36974,13,0.60899,0.29586,20,0.51988,0.26344,5,0.59397,0.51513,11,1.0061,0.50331,3,0,0,0,0.56457,0.26806,43,0.51001,0.30956,23,0.71192,0.54665,19,0.13023,0.078948,0.90739,0,0,0,0,0,0,0,0,0,0,0,0
825,9,3,8,3,60,30,4,1,2,69.095,621.86,0.14613,1.3152,-0.039942,0.27662,4,-0.8709,0.34776,7,0.023938,0.27408,1,-0.68658,0.57301,24,-1.009,-0.43588,1,0,0,0,0,0,0,-0.35727,0.070242,29,-0.36315,0.16276,1,0.38823,0.43389,13,-0.38282,0.04339,0.92435,0,0,0,0,0,0,0,0,0,0,0,0
825,9,3,8,3,60,30,4,1,2,69.125,622.12,0.17536,1.5782,-0.13276,-0.38218,4,-0.25604,1.1326,6,1.5746,0.41073,2,-1.01,0.53616,16,-0.19808,-0.317,1,1.5746,0.41073,2,-0.7639,-0.4148,5,-0.58281,0.53514,27,0.9377,0.9073,4,0.10702,0.46959,8,-0.39448,0.036154,0.7702,0,0,0,0,0,0,0,0,0,0,0,0
825,9,3,8,3,60,30,4,1,2,69.154,622.39,0.20459,1.8413,-0.97091,0.32094,4,-0.46132,0.33307,4,-0.42512,0.40884,2,0.20259,0.734,20,0.13435,-0.98559,2,-2.2381,0.53413,1,-2.2334,0.54664,11,-0.62137,0.32897,25,-0.44265,0.42516,3,0.061082,0.29909,9,-0.38392,0.04233,0.87599,0,0,0,0,0,0,0,0,0,0,0,0
825,9,3,8,3,60,30,4,1,2,69.183,622.65,0.23381,2.1043,-0.15726,-0.64264,2,-0.4462,-0.2504,3,0.095482,-0.3843,9,0.19929,0.36852,31,0.73544,0.051989,4,-1.3701,-0.25737,4,-1.4462,1.0955,14,-0.67729,0.40848,23,-0.59241,-0.021974,2,0.41321,0.51128,9,-0.38146,0.042753,0.9384,0,0,0,0,0,0,0,0,0,0,0,0
825,9,3,8,3,60,30,4,1,2,69.212,622.91,0.26304,2.3674,0.55821,-1.2474,2,-0.56011,0.12633,3,-0.48392,0.4332,5,0.34663,0.67092,25,0.43912,0.57612,5,-1.8773,0.88425,17,-0.98342,0.82614,24,-1.1148,0.44051,16,0,0,0,-0.40316,0.78782,6,0.98252,0.049116,0.98815,0,0,0,0,0,0,0,0,0,0,0,0
825,9,3,8,3,60,30,4,1,2,69.242,623.17,0.29227,2.6304,0.12213,0.97572,2,-0.21088,0.47557,2,0.64552,-0.71336,2,0.15345,0.54758,24,-1.3651,0.9614,13,-1.0582,0.45136,16,-0.77479,1.04,25,-0.68168,0.39675,21,0.34137,0.51916,1,0.26929,-0.61627,4,0.9637,0.058243,1.0043,0,0,0,0,0,0,0,0,0,0,0,0
825,9,3,8,3,60,30,4,1,2,69.271,623.44,0.32149,2.8934,-0.43799,-0.91647,6,0.89433,0.35394,2,-0.5801,0.3228,5,0.16934,0.31833,26,-1.4832,1.061,13,-0.89011,0.38384,17,-1.1078,0.94065,27,-0.45623,0.58342,20,-1.122,0.64341,2,0.019897,0.37895,1,0.73992,0.083999,0.96543,0,0,0,0,0,0,0,0,0,0,0,0
825,9,3,8,3,60,30,4,1,2,69.3,623.7,0.35072,3.1565,-0.057954,-0.58488,2,-0.47321,0.051777,4,-0.701,0.398,12,-0.71373,0.00018718,35,-0.53892,0.38362,23,-0.34104,0.53268,15,-0.48481,0.71589,29,-0.33822,0.3976,25,-0.19818,-0.3326,1,0,0,0,0.60634,0.084236,0.96816,0,0,0,0,0,0,0,0,0,0,0,0
825,9,3,8,3,60,30,4,1,2,69.329,623.96,0.37995,3.4195,-1.7632,1.2806,3,-0.38617,-0.065219,1,0.13294,0.5366,9,-0.32633,0.68849,36,-1.083,0.79064,19,0.75642,1.1095,20,-0.78813,0.60859,24,-0.50675,0.81675,20,0,0,0,0.1607,0.46634,4,0.15468,0.082052,0.94306,0,0,0,0,0,0,0,0,0,0,0,0
825,9,3,8,3,60,30,4,1,2,69.359,624.23,0.40917,3.6826,0.27986,0.65157,5,0,0,0,0.41383,-0.019786,15,-0.3971,0.79129,35,0.28378,0.75014,29,-0.71608,0.46267,28,-1.0457,0.41375,31,-0.39827,0.46911,23,-0.70936,0.34066,3,-1.3254,0.8479,10,0.066404,0.077726,0.89334,0,0,0,0,0,0,0,0,0,0,0,0
825,9,3,8,3,60,30,4,1,2,69.388,624.49,0.4384,3.9456,-1.0916,0.70189,4,0,0,0,-0.329,0.33567,17,-0.28873,1.1701,51,-0.074155,1.0659,28,-0.89974,-0.13586,28,-1.732,0.020329,23,-0.62191,0.33567,13,0.66539,-0.9404,10,-0.88899,0.73087,30,0.079892,0.079476,0.91346,0,0,0,0,0,0,0,0,0,0,0,0
825,9,3,8,3,60,30,4,1,2,69.417,624.75,0.46763,4.2086,-0.5687,0.4039,6,-0.46552,-0.21671,1,-0.28908,0.44565,22,-0.47709,0.73092,56,-0.58357,0.0059289,23,-0.0929,1.412,23,-0.68612,0.37307,21,-0.46552,-0.82001,29,-0.82327,0.38212,5,-0.6426,0.11178,27,-0.093364,0.082668,0.95015,0,0,0,0,0,0,0,0,0,0,0,0
825,9,3,8,3,60,30,4,1,2,69.446,625.02,0.49685,4.4717,-0.62107,-1.1064,4,-0.37492,-0.27001,4,0.34086,0.29424,9,0.13896,0.57111,49,-0.66059,0.34746,23,-0.75959,-0.050877,21,-0.59188,-0.69376,17,-0.24103,0.27978,32,-0.41506,0.12362,7,-0.64883,0.115,33,-0.11742,0.078927,0.90714,0,0,0,0,0,0,0,0,0,0,0,0
825,9,3,8,3,60,30,4,1,2,69.475,625.28,0.52608,4.7347,-0.77762,-0.54686,5,-0.021287,-0.64526,19,-1.0282,0.73458,23,0.5555,1.483,50,-0.28664,1.0397,19,-0.47976,1.0215,15,0.56667,1.053,16,0.2499,0.98354,52,0.34511,-0.63319,28,0.84195,0.82388,35,0.078498,0.085446,0.98207,0,0,0,0,0,0,0,0,0,0,0,0
825,9,3,8,3,60,30,4,1,2,69.505,625.54,0.55531,4.9978,-0.4322,0.27638,9,-0.3821,0.99608,31,-0.62572,-0.76369,23,-0.70648,-0.5918,41,-0.1965,-0.96288,20,-0.49226,-0.62584,23,-0.43653,0.82796,14,-0.11993,0.56562,48,0.38308,0.083119,21,-0.78205,0.13201,33,-0.13454,0.085764,0.98572,0,0,0,0,0,0,0,0,0,0,0,0
825,9,3,8,3,60,30,4,1,2,69.534,625.8,0.58453,5.2608,0.72034,-0.29652,7,-0.47396,0.59705,24,0.2961,0.61721,26,0.066026,0.66021,51,-0.20271,0.59328,27,-0.63338,1.168,20,-1.2314,1.0013,11,0.42768,0.88234,54,-0.43504,0.41438,33,0.32987,1.1116,34,-0.089502,0.084959,0.97648,0,0,0,0,0,0,0,0,0,0,0,0
825,9,3,8,3,60,30,4,1,2,69.563,626.07,0.61376,5.5238,-1.5,0.27927,4,0.24028,0.083432,29,0.85779,0.84283,6,1.0347,0.27491,46,1.0323,0.29794,15,0.719,0.95118,16,0.41564,0.66917,15,0.72502,0.84539,48,0.51606,-0.49966,20,0.76114,0.98607,22,0.1107,0.079909,0.91843,0,0,0,0,0,0,0,0,0,0,0,0
825,9,3,8,3,60,30,4,1,2,69.592,626.33,0.64299,5.7869,-0.63751,0.38484,3,-0.43793,0.48551,11,0.37277,0.3622,6,1.0876,0.71565,55,0.68543,0.2269,19,0.34054,0.49744,20,0.12386,0.93198,19,0.23224,0.85041,31,-0.40204,-0.46428,16,0.48121,0.70902,19,0.054002,0.080338,0.92336,0,0,0,0,0,0,0,0,0,0,0,0
825,9,3,8,3,60,30,4,1,2,69.622,626.59,0.67221,6.0499,0.44461,0.47168,4,0.45556,0.481,27,0.71028,0.07993,8,0.51545,0.28979,48,0.59322,0.4459,17,0.30481,0.64048,17,1.2483,0.60851,17,0.38127,0.64119,44,0.30578,0.16723,16,1.0247,1.0637,23,-0.37224,0.048151,0.8718,0,0,0,0,0,0,0,0,0,0,0,0
825,9,3,8,3,60,30,4,1,2,69.651,626.86,0.70144,6.313,0.68801,1.0175,3,0.67105,0.33049,21,0.84028,0.64685,3,0.92159,0.558,44,-0.16099,0.55546,14,1.0254,1.2104,20,1.2366,1.3002,13,0.48287,0.73019,54,0.24987,0.5351,17,0.13733,0.97507,24,-0.37421,0.045979,0.92505,0,0,0,0,0,0,0,0,0,0,0,0
825,9,3,8,3,60,30,4,1,2,69.68,627.12,0.73067,6.576,0.41046,0.2244,4,0.11687,0.78941,22,0.66261,0.36998,5,0.49057,0.46794,48,0.39362,-0.25082,10,1.3057,0.32659,20,0.49114,0.6061,11,0.75546,0.74981,53,0.61193,0.39156,19,1.0367,1.2923,21,-0.1293,0.084861,0.97534,0,0,0,0,0,0,0,0,0,0,0,0
825,9,3,8,3,60,30,4,1,2,69.709,627.38,0.75989,6.839,-1.0234,-1.7407,3,0.92829,0.23374,18,0.73655,0.49711,5,0.5479,0.43713,41,0.30754,0.31798,13,0.45692,0.55231,14,-0.40119,0.59473,11,0.49139,0.99654,56,0.20949,0.62988,12,0.49568,0.51504,32,-0.18656,0.090459,1.0397,0,0,0,0,0,0,0,0,0,0,0,0
825,9,3,8,3,60,30,4,1,2,69.738,627.65,0.78912,7.1021,0.84864,-0.063346,8,0.42186,-0.14473,22,0.39052,0.19036,6,0.31762,0.23029,39,0.55802,0.55155,14,0.33548,-0.091166,12,1.4826,0.91114,7,0.73862,0.4364,40,-1.3486,-0.33117,10,0.2817,0.45639,19,-0.074066,0.081461,0.93627,0,0,0,0,0,0,0,0,0,0,0,0
825,9,3,8,3,60,30,4,1,2,69.768,627.91,0.81835,7.3651,0.82503,0.036694,6,0.43217,-0.21673,15,0.52167,0.069934,12,0.30274,0.64743,38,0.37693,0.15094,16,0.20844,0.15697,13,1.2595,1.0871,7,0.30755,0.74477,43,0.37426,-0.13366,11,0.80687,0.84242,23,-0.0046291,0.085072,0.97777,0,0,0,0,0,0,0,0,0,0,0,0
825,9,3,8,3,60,30,4,1,2,69.797,628.17,0.84757,7.6282,1.3066,-0.96453,7,0.57715,-0.18171,20,0.85389,-0.050618,7,0.47987,0.0567,36,-0.29568,-0.71602,11,1.3724,0.43342,11,0.77836,-0.10958,3,0.31912,0.50863,47,0.83479,0.72238,10,0.57008,1.3448,24,-0.18971,0.083842,0.96364,0,0,0,0,0,0,0,0,0,0,0,0
825,9,3,8,3,60,30,4,1,2,69.826,628.44,0.8768,7.8912,1.4078,-1.3484,4,0.61756,0.48937,15,0.4673,-0.014467,5,0.41263,0.41746,31,0.5253,-0.69268,9,1.0325,1.0052,10,0.54462,0.7153,7,0.13807,0.56838,41,0.25732,-0.41939,10,-0.30275,0.82099,21,-0.21573,0.081722,0.93927,0,0,0,0,0,0,0,0,0,0,0,0
825,9,3,8,3,60,30,4,1,2,69.855,628.7,0.90603,8.1542,1.3222,-0.38824,4,0.67683,0.40679,16,0.50183,-0.24296,6,0.5216,0.30589,30,0.40169,-0.12567,11,-0.055238,0.49202,10,-1.3519,0.41144,7,0.25413,0.55888,39,-0.37067,1.1343,10,0.701,0.76375,15,-0.36954,0.047963,0.99255,0,0,0,0,0,0,0,0,0,0,0,0
825,9,3,8,3,60,30,4,1,2,69.885,628.96,0.93525,8.4173,-0.71214,0.76988,7,0.5279,0.43365,17,0.52165,0.78328,4,0.64756,0.16299,39,-1.1934,0.53621,9,0.7366,0.93096,13,1.0567,0.38823,3,-0.14815,0.60122,38,0.50981,0.3847,7,-0.0048525,0.52872,19,-0.35791,0.055586,0.93617,0,0,0,0,0,0,0,0,0,0,0,0
825,9,3,8,3,60,30,4,1,2,69.914,629.22,0.96448,8.6803,0.83919,-0.25426,4,0.45096,-0.13174,12,0.88379,0.33059,5,0.54914,0.46411,42,0.9795,0.60805,9,0.9684,-0.19858,13,2.0551,0.39852,6,0.033462,0.94019,39,0.43264,0.076652,5,0.74372,0.99884,18,-0.37462,0.049939,0.92738,0,0,0,0,0,0,0,0,0,0,0,0
825,9,3,8,3,60,30,4,1,2,69.943,629.49,0.99371,8.9434,-0.19533,0.086095,6,0.55819,-0.2466,15,0.85444,0.90119,4,0.22682,0.14849,36,0.55627,-0.033651,13,0.7783,0.50783,14,-0.37397,-0.37217,4,0.20219,0.61322,43,0.26698,0.46085,11,0.74704,0.51326,21,-0.217,0.080932,0.93019,0,0,0,0,0,0,0,0,0,0,0,0
825,9,3,8,3,60,30,4,1,2,69.972,629.75,1.0229,9.2064,-0.74493,0.5529,5,0.47013,0.61187,17,0.84562,0.22693,4,0.1799,-0.11318,36,0.88168,-0.0059349,12,1.0034,0.5793,11,0.46464,1.2245,7,0.30319,0.6803,45,0.39322,0.68457,9,0.5696,0.8182,19,-0.15162,0.08219,0.94465,0,0,0,0,0,0,0,0,0,0,0,0
825,9,3,8,3,60,30,4,1,2,70.001,630.01,1.0522,9.4694,0.16213,0.82483,7,0.7409,0.32706,16,0.79859,0.62877,10,0.39291,-0.44313,29,0.50584,0.12015,9,1.0539,0.5337,16,1.2532,0.49079,10,0.34224,0.70154,46,0.31948,0.82682,16,0.37663,0.6537,30,-0.094048,0.077543,0.89124,0,0,0,0,0,0,0,0,0,0,0,0
825,9,3,8,3,60,30,4,1,2,70.031,630.28,1.0814,9.7325,0.52383,-0.4907,2,0.59452,0.371,17,0.97072,0.7455,8,0.55204,0.0053708,22,1.6136,0.086783,9,1.3606,0.76942,12,1.212,1.0389,16,0.32533,0.86599,40,0.59994,0.77753,13,0.44572,1.0538,28,-0.2112,0.083545,0.96022,0,0,0,0,0,0,0,0,0,0,0,0
825,9,3,8,3,60,30,4,1,2,70.06,630.54,1.1106,9.9955,0.94545,-0.37419,5,0.62359,0.065409,14,-0.51418,-0.68457,4,0.75996,-0.46088,41,-0.039419,0.21904,8,0.68518,0.088037,11,0.68459,0.73052,10,0.41314,0.16434,45,0.37227,0.070146,13,0.92186,0.50547,26,-0.19135,0.079064,0.90872,0,0,0,0,0,0,0,0,0,0,0,0
825,9,3,8,3,60,30,4,1,2,70.089,630.8,1.1398,10.259,-0.47747,0.67443,4,0.53348,0.09168,13,0.65891,0.61008,6,0.14991,0.20633,31,0.3067,0.42212,12,0.8443,0.73566,13,-0.47022,-1.0209,7,0.19068,0.74578,43,0.54121,0.24803,13,0.40736,0.78003,29,-0.058666,0.082833,0.95204,0,0,0,0,0,0,0,0,0,0,0,0
825,9,3,8,3,60,30,4,1,2,70.118,631.07,1.1691,10.522,1.2442,0.42891,4,0.6468,-0.46689,15,0.58019,0.11556,8,0.6438,0.25569,30,0.79766,0.28069,10,-0.087231,0.29336,13,0.1983,-0.42574,6,0.069609,0.67713,40,0.20441,-0.25542,9,0.303,0.53851,21,-0.38512,0.044997,0.95859,0,0,0,0,0,0,0,0,0,0,0,0
825,9,3,8,3,60,30,4,1,2,70.148,631.33,1.1983,10.785,1.3591,-0.45011,5,0.78171,0.19947,19,0.77958,0.87532,8,0.63056,0.22121,20,0.68447,-0.18727,9,-1.2428,-0.58615,12,1.1514,-0.79972,8,0.45513,0.61168,41,0.83418,0.8876,16,0.38691,0.748,30,-0.01278,0.088182,1.0135,0,0,0,0,0,0,0,0,0,0,0,0
825,9,3,8,3,60,30,4,1,2,70.177,631.59,1.2275,11.048,-0.13696,0.85059,6,0.32904,0.49323,23,0.71022,-0.3049,8,0.47245,0.11509,31,0.87134,-0.54044,9,-1.2564,0.66388,13,0.65355,0.7529,4,0.23923,0.46254,41,0.81917,0.54061,12,0.88269,0.41798,26,-0.11802,0.081141,0.93259,0,0,0,0,0,0,0,0,0,0,0,0
825,9,3,8,3,60,30,4,1,2,70.206,631.85,1.2567,11.311,0.6056,-0.50016,11,0.13938,0.63276,19,1.0038,0.90121,11,0.65416,-0.078818,24,0.092239,0.46827,13,0.75506,-0.1798,17,-0.3358,-0.17153,5,0.36394,0.99138,40,0.30631,0.57759,14,0.26864,0.00073122,29,0.058687,0.073735,0.84747,0,0,0,0,0,0,0,0,0,0,0,0
825,9,3,8,3,60,30,4,1,2,70.235,632.12,1.286,11.574,-0.76979,0.16433,6,0.42262,0.32329,10,0.72638,-0.66867,13,0.09406,-1.2138,23,0.67261,-1.0821,9,0.83395,-0.072565,12,-2.0065,-0.1799,4,-0.44304,-0.45579,22,0.78169,0.081819,21,0.65693,-0.45426,23,0.13628,0.079453,0.91319,0,0,0,0,0,0,0,0,0,0,0,0
825,9,3,8,3,60,30,4,1,2,70.265,632.38,1.3152,11.837,0.45766,-0.52013,4,0.81734,0.16194,21,0.097787,-1.2086,9,0.31649,-1.0671,23,0.65802,-0.81283,9,0.73759,-0.66851,11,0.51183,-0.51047,10,0.44089,-0.56666,38,0.58434,-0.38824,20,0.096627,-0.20637,19,-0.047558,0.080639,0.92683,0,0,0,0,0,0,0,0,0,0,0,0
825,9,3,8,3,60,270,4,1,3,70.557,635.01,0.14613,1.3152,-0.021319,0.77075,8,0.92657,0.0052802,16,1.3273,0.37274,20,0.54335,0.066325,27,1.4329,0.25546,16,1.5189,0.81454,14,2.7719,1.1851,3,0.43943,0.95455,62,0.5342,0.3843,5,-0.31854,-0.37401,16,-0.053581,0.074805,0.85977,0,0,0,0,0,0,0,0,0,0,0,0
825,9,3,8,3,60,270,4,1,3,70.586,635.27,0.17536,1.5782,-0.0042401,-0.44954,10,1.0169,0.47523,19,1.2189,0.036784,22,1.0012,0.072866,19,1.5722,0.14102,15,0.16537,0.35918,15,-0.45473,0.55703,4,0.49263,0.97572,52,0.15518,0.20968,6,0.26608,0.63093,11,0.20113,0.084691,0.97339,0,0,0,0,0,0,0,0,0,0,0,0
825,9,3,8,3,60,270,4,1,3,70.615,635.54,0.20459,1.8413,-1.1578,1.2189,1,0.54464,0.40579,20,1.15,0.057235,22,0.55744,-0.025627,11,1.384,0.0055779,17,1.3958,0.46786,12,0.18189,0.96627,3,0.18645,0.76093,46,1.0164,0.58101,11,0.8334,0.24146,10,0.12585,0.076801,0.88271,0,0,0,0,0,0,0,0,0,0,0,0
825,9,3,8,3,60,270,4,1,3,70.644,635.8,0.23381,2.1043,0.63899,0.41847,9,0.7045,0.65419,22,0.98987,0.11195,22,0.75803,-0.04076,17,0.97183,0.29286,14,1.674,0.72294,11,0.69332,0.84626,4,0.23988,0.95332,57,1.3045,0.14213,10,0.18983,0.0023041,16,0.083475,0.084842,0.97513,0,0,0,0,0,0,0,0,0,0,0,0
825,9,3,8,3,60,270,4,1,3,70.674,636.06,0.26304,2.3674,-0.24719,-0.067502,8,0.56694,0.30908,21,0.92898,0.093222,20,0.56901,0.047449,16,0.93059,-0.019092,10,1.631,0.58548,9,1.0474,1.0689,2,0.4517,0.72749,54,0.80807,0.10475,11,0.067863,0.6815,17,-0.11556,0.074981,0.86179,0,0,0,0,0,0,0,0,0,0,0,0
825,9,3,8,3,60,270,4,1,3,70.703,636.33,0.29227,2.6304,0.054508,0.37537,7,0.65399,0.54556,19,0.98815,0.0010937,15,-0.013534,0.037955,11,1.024,-0.044392,10,1.2903,0.5354,10,-0.24437,0.20699,6,0.070374,0.66903,45,1.0328,0.59532,12,0.094255,0.537,15,0.076263,0.085908,0.98739,0,0,0,0,0,0,0,0,0,0,0,0
825,9,3,8,3,60,270,4,1,3,70.732,636.59,0.32149,2.8934,0.32074,0.94734,8,0.8165,0.22327,28,1.0181,0.028976,23,0.70223,-0.066202,7,1.1595,0.0013562,15,1.6835,0.80298,10,2.0321,1.2701,3,0.43351,0.68732,52,0.52452,0.1504,12,1.0136,0.36328,13,-0.23051,0.075372,0.86628,0,0,0,0,0,0,0,0,0,0,0,0
825,9,3,8,3,60,270,4,1,3,70.761,636.85,0.35072,3.1565,-0.50773,0.041991,3,0.88931,0.065091,22,0.77127,0.056133,19,0.63803,-0.056801,11,1.0635,0.072792,14,1.2121,0.40606,7,0.15346,0.0044924,2,0.33969,0.4694,43,0.95297,0.48962,10,0.42159,0.0036468,11,-0.053044,0.08476,0.97419,0,0,0,0,0,0,0,0,0,0,0,0
825,9,3,8,3,60,270,4,1,3,70.791,637.12,0.37995,3.4195,0.38212,-0.84173,5,0.96929,0.56433,24,0.63153,0.13012,15,0.065628,-0.051185,15,0.78305,0.080056,8,1.0337,0.4293,8,-0.29986,0.29499,4,0.085666,0.72333,48,0.61241,0.40662,7,0.45651,-0.004958,18,-0.040424,0.075113,0.8633,0,0,0,0,0,0,0,0,0,0,0,0
825,9,3,8,3,60,270,4,1,3,70.82,637.38,0.40917,3.6826,0.04096,0.21103,12,0.86763,0.15854,23,1.0357,0.27761,15,0.57669,-0.095834,14,1.7921,-0.040691,5,0.51078,0.47251,9,-0.011901,-0.59195,3,0.093188,0.19032,43,0.75787,0.61811,13,0.76468,-0.082784,13,0.016427,0.07904,0.90844,0,0,0,0,0,0,0,0,0,0,0,0
825,9,3,8,3,60,270,4,1,3,70.849,637.64,0.4384,3.9456,1.3757,0.043713,9,0.66333,0.24052,27,0.73501,-0.040201,11,0.44429,-0.60024,7,0.82441,-0.004744,7,0.69562,0.47864,8,1.2699,1.418,1,0.17893,0.53812,42,0.7984,0.017418,12,0.077428,0.2908,17,-0.077108,0.081735,0.93941,0,0,0,0,0,0,0,0,0,0,0,0
825,9,3,8,3,60,270,4,1,3,70.878,637.9,0.46763,4.2086,0.76762,-0.24569,6,0.84038,0.61167,25,0.67536,0.044235,13,0.46574,-0.22603,5,0.78412,-0.012191,7,0.67536,0.11848,7,0.19237,0.77645,1,0.51217,0.072068,42,0.76919,0.67838,10,0.048103,0.45278,15,-0.055264,0.080864,0.92941,0,0,0,0,0,0,0,0,0,0,0,0
825,9,3,8,3,60,270,4,1,3,70.908,638.17,0.49685,4.4717,-0.019122,0.78596,6,0.50169,0.49935,21,0.57731,-0.0020488,9,0.87832,0.068959,4,0.71957,0.14271,6,-0.0006522,-0.35299,7,0.68109,1.1531,1,0.4916,0.050963,24,0.54865,0.53303,15,-0.55893,0.15067,19,-0.046352,0.076931,0.8842,0,0,0,0,0,0,0,0,0,0,0,0
825,9,3,8,3,60,270,4,1,3,70.937,638.43,0.52608,4.7347,0.012232,0.49582,5,0.88404,0.1974,23,0.62714,-0.030608,18,0.60405,-0.21072,9,0.82722,-0.050613,9,0.063376,0.024004,5,0,0,0,0.82878,0.018847,24,0.91202,0.066454,11,0.54563,0.36593,12,0.25331,0.083782,0.96295,0,0,0,0,0,0,0,0,0,0,0,0
825,9,3,8,3,60,270,4,1,3,70.966,638.69,0.55531,4.9978,-0.034692,0.51663,5,0.58221,0.40547,16,0.77236,0.11214,9,0.042257,0.18356,7,0.5084,0.29308,7,0.00012871,0.42651,3,0.0086847,0.65088,1,0.24155,0.54745,26,0.92172,0.1341,5,-0.0102,0.40102,16,-0.037394,0.07826,0.89948,0,0,0,0,0,0,0,0,0,0,0,0
825,9,3,8,3,60,270,4,1,3,70.995,638.96,0.58453,5.2608,0.45977,0.096908,1,0.66378,0.33635,21,0.27233,0.018912,15,0.13126,0.14765,18,0.50501,0.14795,10,-0.79591,0.019576,9,0.16813,0.51791,1,-0.017568,0.45048,15,-0.032371,0.017082,9,0.094022,0.22142,20,-0.028114,0.076404,0.87815,0,0,0,0,0,0,0,0,0,0,0,0
825,9,3,8,3,60,270,4,1,3,71.024,639.22,0.61376,5.5238,-0.61637,0.050251,11,-0.051637,0.19439,23,-0.077938,0.42483,28,0.041643,0.54809,19,0.0045117,0.85428,15,-0.053268,0.40583,11,0.012498,-0.50777,1,-0.62211,-0.030585,32,-0.39835,-0.09838,23,-0.080997,-0.21411,21,-0.0066309,0.079742,0.91652,0,0,0,0,0,0,0,0,0,0,0,0
825,9,3,8,3,60,270,4,1,3,71.054,639.48,0.64299,5.7869,0.84686,-0.031205,9,0.025346,-0.51766,27,-0.047884,0.062659,17,0.1117,0.46422,20,0.83846,-0.91984,12,0.13967,-0.22294,5,0.0049751,0.39789,1,0.44826,-0.28718,31,0.17854,0.052327,20,-0.027229,-0.032273,23,-0.010455,0.087589,1.0067,0,0,0,0,0,0,0,0,0,0,0,0
825,9,3,8,3,60,270,4,1,3,71.083,639.75,0.67221,6.0499,0.49888,0.031556,5,0.52174,-0.033212,13,-0.035576,-0.081402,17,0.39625,0.63351,17,-0.020413,-0.020499,11,0.30634,-0.15445,13,0.83894,-1.3616,4,0.080542,-0.32858,34,0.029038,-0.40855,25,-0.46454,-0.11604,24,-0.035314,0.080134,0.92102,0,0,0,0,0,0,0,0,0,0,0,0
825,9,3,8,3,60,270,4,1,3,71.112,640.01,0.70144,6.313,-0.54769,-1.0224,5,-0.67463,-0.52727,17,-0.5236,-0.052419,11,-0.15004,0.28632,12,-0.8955,-0.057266,13,1.3161,-0.092726,17,0.47977,-0.11065,11,0.059893,-0.43455,22,-0.085779,-0.40874,21,0.58108,-0.44139,24,0.28017,0.084411,0.97017,0,0,0,0,0,0,0,0,0,0,0,0
825,9,3,8,3,60,270,4,1,3,71.141,640.27,0.73067,6.576,0.28238,0.015732,6,-0.31567,-0.3952,13,0.72459,-0.28657,11,0.068871,0.095474,11,0.11293,-0.49142,13,0.084784,-1.2736,16,0.32236,-1.8266,12,-0.064482,-0.33096,17,0.22312,-0.6206,22,-0.00096261,-0.962,24,0.24785,0.088134,1.013,0,0,0,0,0,0,0,0,0,0,0,0
825,9,3,8,3,60,270,4,1,3,71.171,640.54,0.75989,6.839,-0.91127,-0.28272,6,-0.46007,-0.27917,11,0.014466,-0.83747,13,0.24291,-0.14787,4,0.14143,-0.56031,20,0.41645,-0.75177,20,-0.2701,-1.5009,23,-0.29479,-0.31072,10,-0.46838,-0.53411,14,0.46719,-1.0602,24,0.47483,0.080503,0.92526,0,0,0,0,0,0,0,0,0,0,0,0
825,9,3,8,3,60,270,4,1,3,71.2,640.8,0.78912,7.1021,0.99873,-0.052889,5,-0.54457,-0.33215,25,-0.095547,-1.0527,12,0.0016262,-1.0308,3,-0.057975,-1.0745,27,-0.078842,-0.80578,29,-0.39767,-0.17476,23,-0.2431,-0.39528,10,-0.18867,-0.57417,17,-0.43142,-1.2121,26,0.48579,0.085995,0.98838,0,0,0,0,0,0,0,0,0,0,0,0
825,9,3,8,3,60,270,4,1,3,71.229,641.06,0.81835,7.3651,-0.033051,-0.57125,5,-0.37736,-0.27224,21,-0.12863,-0.47464,18,0,0,0,0.19521,-1.2813,31,-0.39944,-0.52163,33,-0.28963,-0.48423,31,0.013444,-0.52706,17,0.36974,-1.2615,17,-0.37547,-0.9006,25,0.40615,0.083906,0.96437,0,0,0,0,0,0,0,0,0,0,0,0
825,9,3,8,3,60,270,4,1,3,71.258,641.32,0.84757,7.6282,-0.035028,-0.28402,7,-0.48435,-0.38025,14,-0.48134,-0.62375,9,0,0,0,-0.35721,-0.72755,33,-0.86759,-0.64555,38,0.04894,-0.92779,39,-0.13672,-0.42395,25,0.6891,-0.84928,12,-0.13341,-0.32114,30,0.084359,0.072536,0.83369,0,0,0,0,0,0,0,0,0,0,0,0
825,9,3,8,3,60,270,4,1,3,71.287,641.59,0.8768,7.8912,0.60323,-0.020174,3,-0.67038,-0.20982,17,-0.14074,-0.21746,7,-1.401,0.92101,2,-0.09196,-0.92217,36,-1.1078,-0.51852,48,0.0072492,-0.87152,47,0.03852,-0.67352,30,0.1464,-0.27967,12,-0.077719,-0.070036,28,0.073991,0.069662,0.80066,0,0,0,0,0,0,0,0,0,0,0,0
825,9,3,8,3,60,270,4,1,3,71.317,641.85,0.90603,8.1542,0.44846,0.0054884,5,-0.53854,-0.21158,14,-0.60906,0.028909,1,0.80019,0.0087647,1,0.0029534,-0.65055,52,-0.49071,-0.6389,54,-0.66358,0.0069388,45,-0.43428,-0.20418,26,0.46928,-0.24124,16,-0.54889,-0.15517,26,0.082367,0.082696,0.95046,0,0,0,0,0,0,0,0,0,0,0,0
825,9,3,8,3,60,270,4,1,3,71.346,642.11,0.93525,8.4173,0.50676,-0.059079,8,0.47609,-0.37593,14,-0.48826,-0.64624,10,-0.24337,-1.2821,4,-0.13356,-0.95567,61,-0.69021,-0.059044,48,-0.40565,-0.46688,40,0.045065,-0.69899,17,0.27586,-0.52109,16,0.66379,-0.057945,24,0.02599,0.066683,0.76641,0,0,0,0,0,0,0,0,0,0,0,0
825,9,3,8,3,60,270,4,1,3,71.375,642.38,0.96448,8.6803,0.73524,1.0477,1,0.67237,-0.13692,19,-0.41905,-0.49917,8,-0.55094,-0.16814,5,0.015961,-0.71272,60,-0.42223,-1.0161,57,-0.070075,-0.062773,27,0.16635,-0.81744,28,0.54483,-0.22129,14,0.011426,-0.39638,25,0.031273,0.079852,0.91778,0,0,0,0,0,0,0,0,0,0,0,0
825,9,3,8,3,60,270,4,1,3,71.404,642.64,0.99371,8.9434,1.1057,-0.025277,2,-0.36888,-0.19706,19,-0.38445,-0.19889,9,-0.66975,-0.056548,6,-0.033941,-0.60696,57,0.011628,-0.1086,58,-0.037536,-1.296,30,0.18,-0.63163,20,0.4527,-0.46057,14,-0.60663,-0.64525,24,0.08577,0.082189,0.94464,0,0,0,0,0,0,0,0,0,0,0,0
825,9,3,8,3,60,270,4,1,3,71.434,642.9,1.0229,9.2064,-0.16109,-0.52286,1,-0.41298,-0.39669,19,-0.13251,-0.47102,7,-0.19614,-0.0019851,12,-0.12844,-0.42588,60,-0.010654,-0.85808,81,-0.34828,-1.581,38,-0.10481,-0.86785,28,0.63378,-0.56587,17,0.17288,-0.81574,22,0.098538,0.078129,0.89798,0,0,0,0,0,0,0,0,0,0,0,0
825,9,3,8,3,60,270,4,1,3,71.463,643.17,1.0522,9.4694,0,0,0,-0.76871,-0.29858,12,-0.58155,-0.0059452,1,-0.25477,-0.020084,10,-0.20718,-0.13498,43,-0.0038861,-1.2755,64,-0.033097,-0.47745,33,-0.18159,-0.56931,26,0.36769,-0.90154,10,0.36426,-0.69353,17,0.094466,0.077139,0.88659,0,0,0,0,0,0,0,0,0,0,0,0
825,9,3,8,3,60,270,4,1,3,71.492,643.43,1.0814,9.7325,0.013317,-2.0338,2,-0.57251,-0.46773,16,0.78476,-0.86547,4,0.35169,-0.78037,4,-0.021787,-0.79536,56,0.13758,-1.4302,65,0.012438,-0.55203,38,0.37105,-0.62669,26,0.48241,-0.73177,14,0.51362,-0.72747,22,0.097193,0.080498,0.9252,0,0,0,0,0,0,0,0,0,0,0,0
825,9,3,8,3,60,270,4,1,3,71.521,643.69,1.1106,9.9955,0,0,0,-0.59453,-0.19189,14,-1.1714,-1.2791,3,0.63352,0.012738,9,-0.015396,-0.85069,44,0.01642,-1.0622,55,-0.041553,-0.44853,49,-0.004559,-0.38645,28,0.13679,-0.64384,14,-0.16617,-0.48912,19,0.094238,0.078667,0.90416,0,0,0,0,0,0,0,0,0,0,0,0
825,9,3,8,3,60,270,4,1,3,71.551,643.95,1.1398,10.259,0.59449,0.014855,1,-0.59623,-0.17934,18,-0.40889,-0.70929,13,0.12426,0.61208,9,-0.040166,-1.1162,39,-0.018415,-0.85091,64,-0.046991,-0.047504,52,0.0671,-0.88575,40,-0.16721,-1.3602,16,-0.20646,-1.3946,23,0.1035,0.081531,0.93707,0,0,0,0,0,0,0,0,0,0,0,0
825,9,3,8,3,60,270,4,1,3,71.58,644.22,1.1691,10.522,0.48263,-0.019218,1,-0.51136,-0.24784,14,0.14225,-0.57356,9,0.42168,-0.50208,5,-0.0044599,-1.0656,41,0.018153,-0.71709,64,0.0087486,-1.1584,51,-0.092607,-0.63541,40,0.53279,-1.007,14,-0.01018,-0.30254,22,0.12034,0.084615,0.97252,0,0,0,0,0,0,0,0,0,0,0,0
825,9,3,8,3,60,270,4,1,3,71.609,644.48,1.1983,10.785,-0.0045635,-0.046773,3,-0.35647,-0.47181,18,-0.091369,-0.58691,4,0.15904,-2.1033,8,-0.00084272,-1.0839,40,0.02488,-0.80582,64,0.093084,-0.05,38,-0.0059636,-0.47923,35,-0.055971,-0.85494,15,0.082841,-0.16564,22,0.059651,0.067769,0.77891,0,0,0,0,0,0,0,0,0,0,0,0
825,9,3,8,3,60,270,4,1,3,71.638,644.74,1.2275,11.048,1.1484,-0.15185,7,-0.64708,-0.60205,16,0.019729,0.024303,7,0.023534,-0.94236,19,0.10692,-0.72548,52,0.20762,-0.70334,82,0.48506,-0.079031,37,0.10786,-1.0826,38,-0.016649,-0.96257,14,0.017422,-1.0453,20,0.078739,0.074558,0.85693,0,0,0,0,0,0,0,0,0,0,0,0
825,9,3,8,3,60,270,4,1,3,71.667,645.01,1.2567,11.311,0.24138,0.69993,2,-0.53299,-0.34025,17,0.00049994,-0.85984,10,0.26726,0.08688,18,0.0060639,-1.1309,54,0.09179,-1.1976,63,0.36147,-0.28065,51,0.064526,-0.7518,39,0.091247,-0.93802,9,-0.45405,-0.20731,22,0.028901,0.082815,0.95183,0,0,0,0,0,0,0,0,0,0,0,0
825,9,3,8,3,60,270,4,1,3,71.697,645.27,1.286,11.574,-0.03816,0.48907,3,-0.44189,-0.34366,12,0.5708,-0.56232,6,0.03875,-0.60652,18,0.14849,-0.61919,54,0.036797,-0.84179,69,0.12825,-0.86344,38,0.014609,-0.75853,37,0.25312,-0.50375,8,-0.47055,-0.5752,20,-0.028896,0.085016,0.97713,0,0,0,0,0,0,0,0,0,0,0,0
825,9,3,8,3,60,270,4,1,3,71.726,645.53,1.3152,11.837,-0.40731,-0.30799,4,-0.18765,-0.33075,20,0.44287,0.35194,2,-1.0907,0.0025195,6,-0.048271,-0.62766,31,-0.1695,-1.3687,59,-0.0051851,-0.71422,54,0.16475,-0.4675,29,-0.017705,-0.98877,18,-0.10312,-0.042517,24,-0.10379,0.061962,0.71216,0,0,0,0,0,0,0,0,0,0,0,0
825,9,3,8,3,60,150,4,3,1,71.963,647.66,0.0907,0.8163,-0.46787,-0.3622,5,0.69977,-0.21307,12,-0.075519,-0.54233,19,0.53805,-0.75789,10,-0.57347,-0.49165,16,0.63106,-0.66295,15,1.8823,0.44844,2,0.52709,-0.52018,32,-0.075519,-0.64998,23,0.72335,-1.6119,36,-0.033797,0.085617,0.98404,0.21011,0.076661,0.8811,0.4536,0.079443,0.91308,0.24527,0.089929,1.0336,0.43065,0.069444,0.79816
825,9,3,8,3,60,150,4,3,1,71.981,647.83,0.10884,0.97956,0.87496,-0.24519,9,0.81835,-0.70483,15,-0.42104,-0.59573,20,0.53989,-0.6986,11,-0.69346,-0.42311,19,0.40583,-0.31452,20,0.82732,-2.0208,12,0.54272,-0.62533,30,-0.044622,-0.98632,24,0.31118,-0.84838,32,0.16343,0.080817,0.92887,0.42547,0.08947,1.0283,0.94065,0.067175,1.035,0.2578,0.081849,0.94073,0.44737,0.065107,0.7483
825,9,3,8,3,60,150,4,3,1,71.999,647.99,0.12698,1.1428,0.75781,-1,9,0.49689,-0.82893,16,-0.18727,-0.58314,21,0.53331,-0.17038,11,-0.50562,-0.30662,26,0.48141,-0.20423,21,0.53214,-1.7752,12,0.41037,0.57368,31,-0.18327,-0.63173,28,-0.98343,-0.48895,29,0.18229,0.081595,0.93781,0.40282,0.085366,0.98115,0.95292,0.066101,1.0185,0.27126,0.080327,0.92324,0.46147,0.063029,0.72443
825,9,3,8,3,60,150,4,3,1,72.017,648.15,0.14512,1.3061,-0.58489,1.065,3,0.31051,-0.38763,8,0.37894,-0.55579,15,0.63713,-1.4261,9,0.68488,-0.88157,19,0.062152,-0.65635,20,0.33016,-1.1669,8,0.40535,-0.64338,38,-0.52534,-0.61095,18,-0.40058,-0.58055,21,-0.043823,0.077559,0.89143,0.18735,0.083579,0.96061,0.44328,0.079495,0.91368,0.22863,0.079106,0.90921,0.47914,0.0648,0.74477
825,9,3,8,3,60,150,4,3,1,72.035,648.32,0.16326,1.4693,0.90279,-0.36341,3,0.51739,-0.73685,11,0.46179,-0.69179,15,0.44341,-1.0884,26,0.15647,-0.6753,32,-0.24785,-1.0414,18,0.013422,-1.1173,23,0.41909,-0.67329,34,0.55142,-0.65108,25,-0.028449,-0.14936,26,-0.059397,0.08127,0.93407,0.13193,0.08643,0.99338,0.5235,0.071241,0.81881,0.26987,0.072193,0.82975,0.50975,0.059367,0.68233
825,9,3,8,3,60,150,4,3,1,72.053,648.48,0.1814,1.6326,-0.72626,-1.1017,5,0.46556,-0.82249,5,-0.33037,-0.90272,15,0.2752,-1.3222,24,0.25689,-0.84317,31,-0.65656,-0.46507,24,-0.64309,-0.79514,24,0.43071,-0.52379,31,-0.36894,-0.96449,23,-0.093952,-0.72959,30,0.042101,0.087304,1.0034,0.36731,0.088238,1.0142,0.67537,0.077377,0.88933,0.27044,0.074071,0.85133,0.51708,0.064159,0.73741
825,9,3,8,3,60,150,4,3,1,72.072,648.64,0.19954,1.7959,0.98583,-0.60113,3,0.7229,-0.85216,8,0.054908,-0.34723,17,0.23315,-1.7312,39,-0.060519,-0.97119,30,0.088384,-0.72139,31,-0.93077,-0.81471,15,0.11072,-0.68817,22,0.52665,-1.1116,18,-0.62477,-0.50741,29,-0.26408,0.09047,1.0398,0.059929,0.068509,0.7874,0.37076,0.066912,0.76905,0.29763,0.076997,0.88497,0.54984,0.070932,0.81525
825,9,3,8,3,60,150,4,3,1,72.09,648.81,0.21768,1.9591,-1.05,1.7875,1,0.67858,-0.69841,6,0.081571,-0.5708,16,0.40251,-1.9511,32,0.47832,-0.65323,36,0.44526,-0.54024,29,-0.97418,-1.4033,16,0.14049,-0.65113,32,0.15169,-0.54845,14,-0.39695,-0.63506,23,0.07659,0.068611,0.78857,0.33727,0.067974,0.78126,0.61664,0.080645,0.92689,0.31197,0.079859,0.91786,0.56611,0.075763,0.87077
825,9,3,8,3,60,150,4,3,1,72.108,648.97,0.23582,2.1224,-1.3426,-0.56236,2,0.38626,-1.3868,10,-0.12745,-0.43056,19,-0.25898,-0.88676,30,0.65992,-0.47997,35,-0.20758,-1.1216,30,-0.16276,-0.25624,23,0.10039,-0.72062,31,0.33651,-0.43056,21,0.41673,-0.43036,24,-0.090884,0.065319,0.75074,0.14155,0.085672,0.98467,0.43647,0.080177,0.92151,0.43036,0.092819,1.0668,0.57536,0.070289,0.80786
825,9,3,8,3,60,150,4,3,1,72.126,649.13,0.25396,2.2856,-1.3982,-0.82289,3,0.46138,-0.71822,7,0.24596,-0.34517,12,0.15348,-1.0301,41,0.53464,-0.51491,40,0.064143,-0.64944,31,-0.047297,-0.92561,25,-0.19028,-0.84817,29,0.35468,-0.51901,21,0.38016,-0.51503,25,-0.070666,0.066662,0.76618,0.47721,0.084621,0.97259,0.90955,0.072674,0.9073,0.25664,0.082072,0.94329,0.4161,0.092691,1.0653
825,9,3,8,3,60,150,4,3,1,72.144,649.3,0.2721,2.4489,0.96184,0.32268,3,0.77358,-0.40661,12,0.25602,-0.43445,24,0.50654,-1.1379,52,0.45389,-0.34962,48,-0.074029,-0.52663,32,-0.17633,-0.43024,21,-0.087258,-0.68696,44,-0.064069,-0.66935,22,0.35677,-0.66874,23,0.0034192,0.07961,0.91499,0.47005,0.075779,0.87097,0.6505,0.082416,0.94725,0.27306,0.082703,0.95054,0.444,0.091575,1.0525
825,9,3,8,3,60,150,4,3,1,72.162,649.46,0.29024,2.6122,0.87941,-0.23225,5,0.50777,-0.21214,16,0.14246,-0.56299,19,0.27825,-0.83542,58,0.29615,-0.39779,43,0.26252,-0.2827,26,-0.32965,-0.40492,23,-0.0049748,-0.57375,33,0.46888,-0.81865,26,0.065587,-0.62587,23,0.014304,0.073989,0.85039,0.46622,0.062127,0.71405,0.88952,0.083162,0.95583,0.26951,0.078866,0.90645,0.4509,0.093704,1.077
825,9,3,8,3,60,150,4,3,1,72.18,649.62,0.30838,2.7754,-0.36733,-0.50843,3,0.25532,-0.90711,7,-0.87361,-0.36914,20,0.37486,-0.53663,45,-0.00059609,-0.60721,35,-0.2758,-0.6662,36,-0.79408,-0.6188,19,-0.071497,-0.50309,37,-0.45336,-0.86141,20,0.48416,-0.21661,21,0.046223,0.072531,0.83363,0.46891,0.076103,0.87469,0.70992,0.079956,0.91898,0.28976,0.082241,0.94523,0.60055,0.077116,0.88633
825,9,3,8,3,60,150,4,3,1,72.199,649.79,0.32652,2.9387,0.21273,-0.66198,7,-0.16074,-0.62168,10,0.31243,-0.54966,26,0.12781,-0.73054,46,0.12964,-0.00044631,40,-0.37485,-0.56167,31,0.31526,-0.42723,20,0.55276,-0.61285,35,0.33293,-0.43513,20,-0.5189,-0.20396,18,-0.11368,0.078861,0.90639,0.12421,0.089584,1.0296,0.37728,0.087557,1.0063,0.26522,0.083909,0.96441,0.41395,0.089093,1.024
825,9,3,8,3,60,150,4,3,1,72.217,649.95,0.34466,3.1019,-0.2416,-0.82001,8,0.22788,-0.46213,7,-0.040241,-0.69827,17,0.19282,-1.1735,45,-0.058715,-0.58251,40,-0.73377,-0.61415,31,-0.21491,0.32052,19,0.54337,-0.75237,39,0.075101,-0.74357,17,-0.22761,-0.42567,17,0.018055,0.082602,0.94938,0.26771,0.090744,1.043,0.51163,0.073005,0.83908,0.26664,0.085296,0.98035,0.55625,0.084131,0.96696
825,9,3,8,3,60,150,4,3,1,72.235,650.11,0.3628,3.2652,1.3131,0.38538,7,0.43458,-0.18714,6,0.5325,-0.71691,24,0.46544,-0.69266,20,0.36316,-0.81652,38,-0.37329,0.088924,28,0.72219,-0.52974,29,0.4248,-0.72418,38,-0.0076785,-0.62385,19,-0.44017,-0.49234,23,0.0090168,0.086325,0.99217,0.24824,0.087209,1.0023,0.56151,0.058726,0.67496,0.42065,0.082366,0.94668,0.55485,0.083731,0.96236
825,9,3,8,3,60,150,4,3,1,72.253,650.28,0.38094,3.4285,0.76013,-0.080365,2,0.79346,-1.0513,7,0.07156,-0.24739,19,0.52311,-0.382,15,-0.055869,-0.60772,30,-0.14328,-0.57112,28,-0.1651,-1.6853,21,0.29975,-0.66537,33,0.27698,-0.17253,17,-0.19266,-0.53793,23,-0.11187,0.072011,0.82765,0.21939,0.08615,0.99016,0.562,0.055022,0.63239,0.43445,0.083038,0.95439,0.56842,0.08266,0.95005
825,9,3,8,3,60,150,4,3,1,72.271,650.44,0.39908,3.5917,-0.35493,-0.50556,4,-0.33049,0.5229,7,0.29871,-0.34353,10,-0.12575,0.33271,4,-0.46658,-0.73922,16,-0.12963,-0.8451,10,-0.77186,-0.66869,10,0.21751,-0.47611,23,-0.34085,-0.58627,13,-0.53962,-0.39893,22,-0.088299,0.072469,0.83292,0.21577,0.083518,0.95992,0.5451,0.064015,0.73576,0.25354,0.079765,0.91678,0.48849,0.084078,0.96635
825,9,3,8,3,60,150,4,3,1,72.289,650.6,0.41722,3.755,-0.79021,-0.23241,1,0.57461,-0.78841,8,0.33288,-0.77007,10,0.33841,-0.47994,8,-0.32732,-1.121,17,-0.24815,-0.75128,10,-1.0743,-0.70282,2,0.38968,-0.53578,27,0.40461,-0.97446,17,-0.49043,-0.61028,25,0.22658,0.082268,0.94555,0.55263,0.067951,0.78099,0.88543,0.065866,0.75703,0.24394,0.07808,0.89741,0.53198,0.079295,0.91138
825,9,3,8,3,60,150,4,3,1,72.307,650.77,0.43536,3.9182,-0.46839,-0.19324,7,0.39544,-0.63559,9,0.19727,-0.59072,18,0.45663,-0.56353,8,0.012001,-1.0014,14,0.1677,-1.3832,2,0,0,0,0.35986,-0.88869,24,0.21803,-0.52396,19,0.57705,-0.50614,9,-0.10163,0.058451,0.67181,0.1143,0.084028,0.96578,0.56571,0.061407,0.70578,0.26074,0.080625,0.92666,0.55064,0.078558,0.90291
825,9,3,8,3,60,150,4,3,1,72.326,650.93,0.4535,4.0815,-0.63655,-0.028056,6,0.43224,-0.61795,7,0.3319,-0.60548,13,0.61362,-0.9292,9,0.20006,-0.6754,13,0.30999,-0.67202,4,0.6524,2.1119,3,0.52085,-0.65791,25,0.24102,-0.61589,13,0.34885,-0.12853,17,-0.078191,0.062733,0.72102,0.18152,0.088771,1.0203,0.5719,0.062283,0.71585,0.27003,0.077911,0.89547,0.55932,0.079018,0.9082
825,9,3,8,3,60,150,4,3,1,72.344,651.09,0.47164,4.2448,-0.10367,0.4275,4,0.65759,-1.162,5,0.14961,-0.6117,13,0.051458,-0.080759,21,0.16643,-0.44829,35,0.061111,-1.0798,25,0.049707,-0.71188,19,0.16477,-1.0202,24,0.32034,-0.65269,16,-0.2367,-0.47216,34,-0.096277,0.063396,0.72863,0.17154,0.074857,0.86037,0.60883,0.061137,0.70268,0.29118,0.081344,0.93493,0.58651,0.084986,0.97679
825,9,3,8,3,60,150,4,3,1,72.362,651.26,0.48978,4.408,-0.37803,-0.71684,4,0.64431,-0.98856,5,0.39564,-0.59508,20,0.34249,-0.77002,31,0.17831,-0.71595,42,0.33365,-0.60659,39,-0.69062,-0.68138,19,0.34777,-0.6781,36,-0.024841,-0.86647,18,-0.54775,-0.88877,27,-0.070238,0.069441,0.79812,0.17815,0.082629,0.9497,0.61458,0.074636,0.85783,0.30827,0.075294,0.86539,0.67261,0.078706,0.9046
825,9,3,8,3,60,150,4,3,1,72.38,651.42,0.50792,4.5713,0.8928,-0.24156,2,0.010074,-0.58798,4,0.057906,-0.678,19,0.34806,-0.72428,35,-0.077163,-0.74091,38,0.29746,-0.74465,38,-0.45489,-0.31067,20,0.39805,-0.85335,35,0.36333,-0.68051,9,-0.47445,-0.59098,21,0.041575,0.08028,0.92269,0.34878,0.093401,1.0735,0.63393,0.072034,0.82792,0.31752,0.075157,0.86382,0.46593,0.08916,1.0248
825,9,3,8,3,60,150,4,3,1,72.398,651.58,0.52606,4.7345,-0.48369,1.6237,4,0.73418,-0.53889,4,0.2081,-0.62227,17,0.031273,-0.45402,30,0.011236,-0.39563,41,0.45288,-0.80576,37,-0.18394,-0.29183,26,0.34325,-0.66175,31,0.53331,-0.53079,8,-0.14757,-0.2896,12,0.050481,0.083343,0.9579,0.34458,0.088092,1.0125,0.64689,0.056949,0.65454,0.30719,0.082318,0.94612,0.47426,0.088596,1.0183
825,9,3,8,3,60,150,4,3,1,72.416,651.75,0.5442,4.8978,0.88319,0.54982,6,0.33654,-0.65229,2,0.25818,-0.65477,15,0.17176,-0.18766,35,0.30864,-1.0248,45,-0.42055,-0.54174,33,-0.50998,-0.28402,19,0.12063,-0.56959,33,-0.15872,-0.51375,10,-0.43993,-0.32036,18,0.057255,0.081281,0.9342,0.36324,0.082076,0.94334,0.65455,0.058255,0.66956,0.30709,0.078234,0.89917,0.47773,0.088176,1.0135
825,9,3,8,3,60,150,4,3,1,72.434,651.91,0.56234,5.0611,0.77307,-1.0955,6,0.66639,-0.75946,6,0.82068,-0.55752,13,0.43231,-0.90898,47,0.38044,-0.67445,44,-0.47801,-0.79042,36,-0.25008,-0.74493,30,0.2524,-1.3682,35,0.86141,-0.65407,9,0.34984,-0.70703,22,0.055433,0.082141,0.94409,0.37045,0.07288,0.83764,0.64158,0.066157,0.76038,0.396,0.085148,0.97864,0.67535,0.081333,0.9348
825,9,3,8,3,60,150,4,3,1,72.452,652.07,0.58048,5.2243,-0.04893,-2.109,3,0.63102,-0.56445,8,0.24492,0.0023614,16,0.4002,-0.85846,45,0.23101,-0.72109,43,0.084414,-0.7328,41,0.1206,-1.0526,28,-0.2051,-0.86581,36,0.2355,-0.67992,10,0.60592,-0.93235,20,-0.036896,0.070302,0.80801,0.17309,0.088121,1.0128,0.39598,0.07164,0.8234,0.36242,0.08027,0.92258,0.67047,0.082888,0.95267
825,9,3,8,3,60,150,4,3,1,72.471,652.24,0.59862,5.3876,0.62843,-1.0692,3,0.97044,-0.78982,6,0.2637,-0.71471,21,0.46346,-0.70939,34,-0.30759,0.24878,43,0.20059,-0.78826,35,0.13103,-0.53696,25,-0.14524,-0.73924,36,-0.53834,0.12265,8,0.36779,-0.65064,19,0.0048107,0.081668,0.93865,0.41276,0.067622,0.77721,0.81525,0.070095,0.80564,0.3306,0.079747,0.91657,0.53221,0.084475,0.97091
825,9,3,8,3,60,150,4,3,1,72.489,652.4,0.61676,5.5508,-1.6169,3.23,3,0.67656,-0.72547,7,0.20341,-0.87582,14,0.38375,-0.97417,26,-0.50078,-0.69027,42,-0.24899,-0.10711,35,-0.16282,-0.72013,31,0.55963,-0.69651,34,0.22161,-0.74976,7,0.23652,-0.83647,21,0.01997,0.081309,0.93452,0.36716,0.084207,0.96783,0.64646,0.066252,0.76147,0.31141,0.084866,0.9754,0.49055,0.085096,0.97804
825,9,3,8,3,60,150,4,3,1,72.507,652.56,0.6349,5.7141,-1.4858,-0.37908,5,0.36393,-0.58297,9,-0.21651,-1.1289,14,0.042243,-0.94385,27,-0.125,-0.93842,45,-0.014022,-1.0185,40,0.2755,-1.0951,30,-0.49975,-0.851,37,0.36393,-0.56276,7,0.21744,-0.62592,23,0.028334,0.078893,0.90675,0.42516,0.068934,0.79229,0.66751,0.064271,0.73869,0.31039,0.081668,0.93865,0.49674,0.085601,0.98385
825,9,3,8,3,60,150,4,3,1,72.525,652.73,0.65304,5.8774,0.32578,-1.01,3,0.4246,-0.56977,11,0.34043,-0.76483,10,0.50687,-0.86984,25,0.075258,-0.78413,45,0.1427,-0.37029,28,-0.03358,-0.52291,31,0.24334,-0.7754,35,0.41077,-0.64824,7,0.22772,-0.74469,23,0.026677,0.085675,0.98471,0.36359,0.080586,0.92622,0.65331,0.068825,0.79104,0.28794,0.079894,0.91826,0.56956,0.083855,0.96378
825,9,3,8,3,60,150,4,3,1,72.543,652.89,0.67118,6.0406,0.17223,1.8677,2,0.15875,-0.73428,10,-0.16814,-0.42536,16,0.41445,-0.46572,31,0.32648,-0.99528,41,0.66106,-0.29965,28,-0.486,-0.72353,23,0.38544,-1.0022,33,0.479,-0.915,7,-0.083193,-0.42343,24,0.10246,0.079727,0.91634,0.43058,0.076176,0.87553,0.64496,0.073449,0.84419,0.28243,0.080567,0.926,0.5656,0.08325,0.95683
825,9,3,8,3,60,150,4,3,1,72.561,653.05,0.68932,6.2039,0.48732,-0.00070549,4,0.56074,-0.99142,6,0.50408,-0.49077,21,0.077522,-0.6896,36,0.13818,-0.42724,39,-0.29189,0.10364,32,1.6183,0.31897,27,-0.13588,-0.64605,33,0.39277,-0.57951,10,-0.3191,-0.48296,19,0.030457,0.078709,0.90464,0.38766,0.08096,0.93051,0.62398,0.081169,0.93291,0.29493,0.085208,0.97933,0.47547,0.086526,0.99448
825,9,3,8,3,60,150,4,3,1,72.579,653.22,0.70746,6.3671,-0.33134,-0.74232,4,-0.62989,-0.6806,6,0.48929,-0.33618,11,0.25656,-1.153,31,-0.062859,-0.46997,34,-0.52741,0.094467,29,-0.0020955,-0.75494,22,-0.26826,-0.51745,35,-0.090531,-0.57017,4,-0.26374,-0.24315,17,0.05946,0.077473,0.89043,0.41537,0.061134,0.70265,0.70157,0.082266,0.94552,0.16887,0.07537,0.86626,0.39837,0.084724,0.97377
825,9,3,8,3,60,150,4,3,1,72.598,653.38,0.7256,6.5304,0.472,0.25645,5,-0.076557,0.70363,2,0.53911,-1.2421,10,0.53729,0.15373,29,0.38806,-0.70141,37,-0.17234,-0.44263,29,0.43677,0.38663,29,0.47232,-0.68163,38,0.16782,-0.20528,4,0.31673,0.22825,19,0.028271,0.079616,0.91506,0.39919,0.055031,0.63249,0.65039,0.074692,0.85847,0.43935,0.085165,0.97884,0.61163,0.079301,0.91145
825,9,3,8,3,60,150,4,3,1,72.616,653.54,0.74374,6.6937,0.30994,-0.37647,3,0.40687,-0.59783,7,0.53063,-0.57173,17,0.46413,-0.741,28,0.53413,-0.844,37,-0.41632,-0.79145,30,-0.12314,0.36266,22,0.27785,-0.50453,33,0.48465,-0.60717,8,0.39154,-0.52956,20,0.026631,0.079435,0.91298,0.3957,0.061023,0.70137,0.7086,0.076506,0.87932,0.38345,0.072468,0.8329,0.49679,0.088579,1.0181
825,9,3,8,3,60,150,4,3,1,72.634,653.7,0.76188,6.8569,1.3806,-0.39462,2,0.59505,-0.56877,7,0.38899,-0.2242,22,0.40935,-0.6909,22,0.31337,-0.46389,35,0.12475,-0.093669,36,-0.23111,-0.46893,28,0.77019,-1.2782,27,0.281,-0.49284,18,0.32623,-0.47983,23,0.021934,0.072258,0.83049,0.43447,0.081168,0.9329,0.68935,0.085383,0.98135,0.3328,0.082424,0.94733,0.49719,0.090448,1.0396
825,9,3,8,3,60,150,4,3,1,72.652,653.87,0.78002,7.0202,-0.35718,0.8998,5,0.18554,-0.50778,6,0.38776,-0.3628,23,0.024237,-0.90876,23,0.41063,-0.50601,25,0.01419,-0.85144,27,0.34529,-0.77639,28,-0.057747,-0.8724,41,0.52817,-0.3628,21,0.3777,-0.16541,28,0.03531,0.067367,0.77428,0.39625,0.070107,0.80577,0.80466,0.069479,0.79855,0.4279,0.082712,0.95064,0.74334,0.079449,0.91315
825,9,3,8,3,60,150,4,3,1,72.67,654.03,0.79816,7.1834,-0.50318,0.35833,6,-0.35167,-0.47098,10,0.26178,-0.23926,24,0.17572,-2.0828,20,0.55178,-0.16125,31,-0.13787,-0.80137,25,-0.39893,-0.35254,25,-0.0076338,-0.49414,34,0.35481,-0.90121,14,0.4134,-0.56003,29,0.037023,0.065491,0.75272,0.46148,0.083233,0.95663,0.81768,0.077243,0.88779,0.29302,0.09095,1.0453,0.81345,0.081904,0.94137
825,9,3,8,3,60,150,4,3,1,72.688,654.19,0.8163,7.3467,-0.074805,-1.144,3,-0.28465,-0.44689,7,0.50335,-0.63807,21,0.54057,-1.0964,24,0.35202,-0.49305,28,0.18583,-0.68104,32,-0.59056,-0.35059,22,0.3994,-0.53768,27,0.32819,-0.63807,19,0.32192,-0.99832,23,0.080697,0.075713,0.87021,0.41823,0.079339,0.91188,0.81331,0.073767,0.84784,0.21778,0.085821,0.98639,0.3917,0.080438,0.92451
825,9,3,8,3,60,30,4,3,2,72.87,655.83,0.0907,0.8163,0.59554,0.70169,3,1.0861,-0.60777,11,0.28629,-0.40335,11,0.036894,-0.50743,22,-0.45485,-0.8899,24,-0.097901,-1.3124,33,0.22256,-1.5269,29,-0.24007,-0.80168,44,1.0283,-0.58536,30,-0.27004,-0.20897,38,0.084818,0.081253,0.93388,0.47756,0.081417,0.93576,0.6798,0.081304,0.93447,0.24613,0.071266,0.8191,0.6851,0.077663,0.89261
825,9,3,8,3,60,30,4,3,2,72.888,655.99,0.10884,0.97956,-0.43396,-0.6946,6,1.404,-0.93464,16,-0.22658,-0.58752,14,0.32601,0.55378,22,-0.24654,-0.99353,39,-0.36535,-1.0003,48,-0.54641,-0.65677,41,-0.52718,-0.6484,30,0.56865,-0.97763,25,0.25707,-0.79628,37,0.10898,0.08218,0.94453,0.40943,0.081049,0.93154,0.76057,0.087375,1.0042,0.19217,0.071473,0.82148,0.51716,0.087614,1.007
825,9,3,8,3,60,30,4,3,2,72.906,656.15,0.12698,1.1428,-0.45821,-0.32153,6,0.49423,-0.66339,17,-0.25375,-0.27238,13,0.24069,0.049076,20,-0.35011,-0.59599,39,0.12701,-1.0238,48,-0.44159,-0.65835,47,-0.17328,-0.80457,37,0.25366,-0.88429,27,0.35331,-0.62785,33,0.15995,0.082466,0.94782,0.45298,0.079714,0.91619,0.7159,0.080668,0.92715,0.19257,0.072758,0.83624,0.35214,0.091279,1.0491
825,9,3,8,3,60,30,4,3,2,72.924,656.32,0.14512,1.3061,-0.23543,0.42304,4,1.063,-1.2142,14,-0.085647,-0.756,14,-0.30316,0.95255,23,-0.074702,-0.63802,34,-0.18949,-1.5535,55,-0.044129,-0.75201,55,-0.25301,-0.98777,31,0.59416,-0.78926,23,-0.1576,-0.81981,39,0.028582,0.068822,0.791,0.30412,0.085817,0.98634,0.53152,0.084457,0.97071,0.21597,0.062247,0.71543,0.40328,0.090059,1.0351
825,9,3,8,3,60,30,4,3,2,72.942,656.48,0.16326,1.4693,-0.40318,0.26096,4,0.97497,-0.78941,10,-0.94261,-0.72871,11,0.58504,0.85718,25,-0.15053,-0.53821,35,0.20705,-0.46046,58,-0.27545,-0.95893,59,-0.042428,0.20705,28,0.95762,-0.73927,27,-0.14144,-0.90868,32,0.028367,0.075365,0.86621,0.42424,0.08459,0.97223,0.67444,0.088825,1.0209,0.19188,0.074643,0.85791,0.43692,0.084312,0.96904
825,9,3,8,3,60,30,4,3,2,72.96,656.64,0.1814,1.6326,-0.71382,-1.4177,3,-0.33789,-0.39822,16,-0.53068,-0.48426,14,0.62919,0.62005,24,-0.40033,-0.97188,39,-0.11591,-0.75521,53,-0.31045,-0.73831,60,-0.32786,-0.97861,31,0.15647,-1.5185,26,-0.31085,-1.0541,34,0.14012,0.086066,0.9892,0.46036,0.080612,0.92651,0.67875,0.087518,1.0059,0.20059,0.066818,0.76797,0.4974,0.07921,0.9104
825,9,3,8,3,60,30,4,3,2,72.979,656.81,0.19954,1.7959,1.1883,-0.5986,3,0.81534,-1.3524,16,-0.23856,-0.78267,12,-0.29383,0.44551,20,-0.28711,-0.89003,38,-0.041791,-0.31751,51,-0.70215,-0.79931,59,-0.30803,-0.82764,28,-0.052374,-0.83754,28,-0.16286,-0.90805,41,0.0066843,0.07821,0.8989,0.21097,0.084671,0.97316,0.44964,0.083824,0.96342,0.43911,0.080476,0.92495,0.59258,0.07777,0.89385
825,9,3,8,3,60,30,4,3,2,72.997,656.97,0.21768,1.9591,-0.46451,-0.77301,6,0.70046,-0.8243,11,-0.38648,-0.71635,15,-0.086448,-0.5765,14,-0.44247,-0.84139,45,-0.50777,-0.67558,50,0.028235,-0.72174,57,-0.32595,-0.82787,34,-0.27122,-1.2352,32,-0.21718,-0.91197,37,0.0084346,0.079132,0.9095,0.45896,0.080606,0.92644,0.77599,0.08249,0.94809,0.20532,0.065638,0.75441,0.44524,0.08293,0.95316
825,9,3,8,3,60,30,4,3,2,73.015,657.13,0.23582,2.1224,-0.19706,-0.7744,7,0.44462,-0.61005,11,-0.16631,-0.22887,14,0.15322,-1.0106,13,-0.27169,-0.74744,39,-0.41241,-0.90948,56,-0.53007,-0.74238,57,-0.030198,-0.93112,43,0.51189,-0.82917,27,-0.31894,-0.90816,40,0.12955,0.0832,0.95626,0.43575,0.080985,0.9308,0.7691,0.082358,0.94658,0.19805,0.069181,0.79513,0.39127,0.088611,1.0184
825,9,3,8,3,60,30,4,3,2,73.033,657.3,0.25396,2.2856,0.4738,0.92203,5,0.94658,-0.71797,9,-0.23994,-0.64079,12,0.73237,-0.68944,13,-0.3047,-0.78273,41,-0.43221,-0.86957,59,-0.52062,-0.67766,59,-0.21183,-1.1919,40,-0.17083,-0.77282,27,-0.41528,-1.1121,41,-0.02794,0.073342,0.84295,0.37056,0.082977,0.95369,0.76359,0.080772,0.92835,0.20625,0.071707,0.82416,0.5271,0.080689,0.9274
825,9,3,8,3,60,30,4,3,2,73.051,657.46,0.2721,2.4489,-0.40096,-0.75169,9,0.5124,-0.86464,10,0.27262,-0.3686,7,0.61712,-0.36926,9,0.27499,-0.51539,34,-0.63619,-0.7192,48,-0.70502,0.0987,60,-0.44953,-0.83933,28,0.28601,-0.72571,25,-0.10471,-0.91423,34,-0.050877,0.068361,0.7857,0.15087,0.075795,0.87115,0.42447,0.081228,0.9336,0.20267,0.070979,0.8158,0.38257,0.08315,0.95568
825,9,3,8,3,60,30,4,3,2,73.069,657.62,0.29024,2.6122,-0.50016,-0.54742,10,0.33594,-0.76209,10,-0.41808,-0.5824,17,0.017214,-0.63524,14,-0.44151,-0.24835,37,-0.54384,-1.0888,54,0.22781,0.35893,57,-0.35518,-1.029,22,-0.21324,-0.84085,30,-0.22873,-0.69808,39,-0.041668,0.070405,0.8092,0.30664,0.09059,1.0412,0.71248,0.085912,0.98743,0.18675,0.066609,0.76557,0.34588,0.090744,1.043
825,9,3,8,3,60,30,4,3,2,73.087,657.79,0.30838,2.7754,-0.3107,0.22123,7,0.63133,-0.59128,12,-0.14246,-0.69243,15,0.31007,-1.0266,21,-0.12438,-0.74547,39,-0.30013,-0.62964,47,-0.48564,-0.8827,58,-0.22506,-0.76584,33,0.42077,-0.89293,25,-0.2878,-0.84474,45,-0.032544,0.07644,0.87856,0.25355,0.090184,1.0365,0.7085,0.085371,0.98121,0.18099,0.065847,0.75681,0.35336,0.089274,1.0261
825,9,3,8,3,60,30,4,3,2,73.106,657.95,0.32652,2.9387,0.10475,-0.55999,8,0.45672,-0.47351,11,-0.27894,-0.97434,10,0.02967,-0.93559,16,-0.17371,-0.69857,39,-0.43268,-1.1971,50,-0.16323,-0.3084,54,-0.24552,-0.66897,35,0.11348,-1.1624,25,0.40253,-0.66403,37,0.14072,0.085701,0.985,0.36967,0.086231,0.99109,0.68725,0.087514,1.0058,0.18391,0.065035,0.74747,0.44582,0.083933,0.96468
825,9,3,8,3,60,30,4,3,2,73.124,658.11,0.34466,3.1019,0.3071,-0.60545,3,0.35678,-0.7779,12,-0.52695,-0.75891,9,0.38305,-0.50392,14,-0.35649,-0.56439,42,-0.50557,-0.97488,51,-0.051063,-0.78495,50,-0.25362,-0.69899,30,-0.17222,-0.89367,23,0.25051,-0.83161,35,0.12974,0.089283,1.0262,0.36534,0.085132,0.97846,0.69367,0.084142,0.96709,0.19183,0.06563,0.75431,0.43726,0.084284,0.96871
825,9,3,8,3,60,30,4,3,2,73.142,658.28,0.3628,3.2652,0.10358,-0.80756,5,0.37789,-0.35684,8,0.41357,-0.095424,7,0.41146,-1.1841,14,-0.093861,-0.83626,27,-0.047291,-0.83212,30,-0.17224,-1.4872,27,-0.062545,-0.78334,31,0.48799,-0.87621,20,0.15789,-0.21048,30,0.11562,0.086386,0.99288,0.34859,0.078977,0.90772,0.83496,0.082952,0.95341,0.20251,0.069213,0.7955,0.44296,0.085388,0.98141
825,9,3,8,3,60,30,4,3,2,73.16,658.44,0.38094,3.4285,0.97312,0.22536,6,-0.020586,-0.75673,4,0.68138,0.21904,6,0.16824,-0.88413,7,0.21966,-0.57377,23,-0.34638,-0.65511,26,-0.22456,-1.565,15,-0.34031,-0.88676,8,0.31633,-0.80322,13,0.0021318,-0.96483,25,0.11644,0.084817,0.97484,0.35476,0.080244,0.92228,0.70238,0.086426,0.99333,0.19339,0.070973,0.81572,0.47078,0.084606,0.97242
825,9,3,8,3,60,30,4,3,2,73.178,658.6,0.39908,3.5917,0.079969,-0.19394,6,0.33744,-1.0016,2,-0.52298,0.53209,3,-0.075363,-0.51634,11,-0.31604,-0.26487,26,-0.22666,-0.55846,18,0.2628,-0.39332,11,0.26036,-0.24723,9,-0.72264,-1.1142,13,-0.2499,-1.478,15,-0.03685,0.069504,0.79884,0.34975,0.082257,0.94541,0.63976,0.08271,0.95062,0.33284,0.092825,1.0669,0.50134,0.08346,0.95925
825,9,3,8,3,60,30,4,3,2,73.196,658.77,0.41722,3.755,-0.0049206,-1.5153,2,0.62881,-1.7183,4,-0.016982,-0.59123,8,0.6775,-0.69745,11,-0.32124,-0.54168,37,-0.3229,-0.82414,35,-0.55666,-0.94857,31,-0.28752,-0.57488,21,0.34527,-0.6065,19,0.2231,-0.60674,35,-0.062931,0.062645,0.72001,0.35572,0.079329,0.91176,0.68429,0.086003,0.98847,0.23356,0.081185,0.9331,0.519,0.082301,0.94593
825,9,3,8,3,60,30,4,3,2,73.214,658.93,0.43536,3.9182,0.15705,-0.64335,10,0.47972,-0.43183,10,0.42091,-0.59592,9,0.49999,-0.36568,17,-0.04005,-0.43433,36,-0.2467,-0.52098,41,-0.6051,-1.2425,50,-0.4016,-0.91773,34,0.21146,-0.98991,28,0.029926,-1.1172,33,-0.05559,0.063258,0.72706,0.34394,0.079681,0.91581,0.57679,0.082008,0.94255,0.2907,0.076765,0.8823,0.55197,0.077622,0.89214
825,9,3,8,3,60,30,4,3,2,73.233,659.09,0.4535,4.0815,0.024267,-0.88073,8,0.49178,-0.43736,11,-0.086311,-0.58753,9,0.4917,0.30549,11,-0.15278,-0.74648,37,-0.41408,-0.076747,44,-0.45712,-0.4252,47,-0.49459,-0.90578,22,0.011051,-0.84576,28,0.43191,-1.1915,32,-0.045476,0.071852,0.82583,0.33177,0.083513,0.95986,0.58357,0.07752,0.89098,0.56525,0.076364,0.87769,0.69701,0.079517,0.91393
825,9,3,8,3,60,30,4,3,2,73.251,659.26,0.47164,4.2448,-0.0034255,-0.38987,5,0.32223,-0.36285,20,0.30195,-0.69423,14,0.28561,-0.27092,17,0.12067,-0.56976,42,-0.13347,-0.45716,49,-0.82044,0.5171,46,-0.41208,-0.69565,41,0.086862,-0.56422,23,0.11138,-1.1258,35,-0.056519,0.061682,0.70894,0.33292,0.08179,0.94005,0.74859,0.079447,0.91312,0.267,0.084257,0.96841,0.5874,0.078374,0.90079
825,9,3,8,3,60,30,4,3,2,73.269,659.42,0.48978,4.408,0.1607,-1.5589,6,1.3936,-0.82326,8,0.36835,0.1568,13,0.59711,-0.16612,20,-0.42017,-0.45701,39,-0.10839,-0.43608,42,-0.37835,-0.61571,46,-0.1617,-0.89302,41,0.15562,-0.87851,24,0.50666,-0.57565,35,-0.067799,0.059161,0.67996,0.13852,0.080144,0.92113,0.36872,0.080044,0.91998,0.2588,0.081808,0.94026,0.60139,0.075515,0.86793
825,9,3,8,3,60,30,4,3,2,73.287,659.58,0.50792,4.5713,0.43347,-0.25298,7,0.77665,-0.58442,12,-0.92632,-0.46865,8,0.47451,-0.15417,17,0.065046,-0.83325,38,-0.27616,0.084651,44,-0.73853,0.26224,37,-0.11927,-1.0086,36,0.01284,-0.84638,21,0.13501,-0.229,36,0.074108,0.090078,1.0353,0.35488,0.084842,0.97513,0.58882,0.08327,0.95706,0.40328,0.093452,1.0741,0.61308,0.070131,0.80605
825,9,3,8,3,60,30,4,3,2,73.305,659.75,0.52606,4.7345,0.4984,-0.51379,8,0.5012,-0.59664,18,-0.23737,-0.59702,9,-0.49802,-0.068568,20,-0.010673,-0.35832,32,-0.17388,-0.60615,45,0.041659,-0.69647,43,-0.28007,-1.04,37,-0.23747,-1.0452,27,-0.041354,-1.1516,31,-0.032107,0.075263,0.86503,0.35637,0.084253,0.96836,0.55703,0.079477,0.91347,0.40768,0.094385,1.0848,0.64195,0.06945,0.79822
825,9,3,8,3,60,30,4,3,2,73.323,659.91,0.5442,4.8978,0.73089,-1.2097,5,0.51677,-0.52368,11,-0.24284,-0.99849,11,-0.17717,0.30073,24,0.21432,-0.86433,38,-0.12882,-0.79711,40,0.37576,-0.61117,46,-0.25619,-1.0008,42,-0.15822,-0.85639,25,-0.18249,-0.97944,31,-0.054905,0.063428,0.72901,0.34749,0.085065,0.97769,0.60101,0.077366,0.8892,0.6499,0.073455,0.84425,0.82597,0.091273,1.049
825,9,3,8,3,60,30,4,3,2,73.341,660.07,0.56234,5.0611,-0.27741,0.41455,6,1.2996,-0.51541,8,-0.68324,0.07699,10,1.0184,-0.88199,9,0.075856,-0.26286,46,0.055656,-0.53151,50,-0.10072,-0.57677,43,0.036384,-1.3033,41,0.13555,-0.25153,22,-0.031372,-0.65045,35,-0.013175,0.082897,0.95278,0.32892,0.088334,1.0153,0.57399,0.074298,0.85395,0.25246,0.075559,0.86844,0.40392,0.079242,0.91076
825,9,3,8,3,60,30,4,3,2,73.359,660.24,0.58048,5.2243,-0.7684,1.8903,2,0.42505,-0.25645,9,-0.17049,-0.92211,12,0.1253,-0.058416,24,-0.29041,-0.52489,46,-0.15614,-0.85861,45,0.47574,-0.22467,47,-0.041031,-1.1055,45,-0.27706,-1.2915,23,0.4542,-0.48401,33,-0.012895,0.08248,0.94798,0.36183,0.085637,0.98426,0.55424,0.076385,0.87792,0.27496,0.073357,0.84313,0.41487,0.082948,0.95336
825,9,3,8,3,60,30,4,3,2,73.378,660.4,0.59862,5.3876,0.57633,-0.66851,3,0.81718,-0.30154,10,0.53552,0.10278,5,0.19425,0.58088,16,0.012122,-0.66706,35,-0.18957,-1.0096,44,0.32349,-0.7614,52,-0.01103,-0.61059,43,0.12544,-1.1674,28,0.59559,0.0046016,34,-0.034894,0.07315,0.84075,0.34389,0.086941,0.99925,0.58618,0.081932,0.94169,0.36401,0.085034,0.97734,0.58756,0.083719,0.96222
825,9,3,8,3,60,30,4,3,2,73.396,660.56,0.61676,5.5508,0.73465,-0.50536,2,1.1756,-0.59573,5,-0.43719,-0.93652,9,-0.51873,1.1658,19,-0.26519,-0.72187,38,-0.3088,-0.935,48,0.066123,-0.46729,52,-0.1561,-1.104,42,0.75778,-0.8279,22,0.19281,-0.77713,36,-0.019055,0.076509,0.87935,0.34936,0.085168,0.97887,0.63479,0.084094,0.96653,0.50667,0.083679,0.96176,0.66806,0.084506,0.97127
825,9,3,8,3,60,30,4,3,2,73.414,660.73,0.6349,5.7141,0.65728,-0.65684,3,0.66812,-1.0704,6,0.20964,0.30524,9,0.098586,-0.057362,22,-0.083258,-0.75297,33,0.051478,-0.98401,43,0.13362,-0.41112,59,-0.14701,-0.98382,46,0.13123,-0.76747,20,0.55301,-0.32785,35,-0.011807,0.079669,0.91567,0.32188,0.08389,0.96419,0.5404,0.079127,0.90945,0.44378,0.081941,0.94178,0.5843,0.084555,0.97183
825,9,3,8,3,60,30,4,3,2,73.432,660.89,0.65304,5.8774,-0.46932,-0.79996,3,0.59451,-0.42533,5,0.014679,-0.18017,15,-0.094875,-0.75222,21,-0.1704,-0.72096,34,-0.031043,-0.23017,48,-0.14937,-0.3733,59,-0.41798,-1.1223,34,-0.36951,-0.4418,22,0.1252,-1.4035,31,-0.020668,0.074169,0.85246,0.33136,0.086773,0.99732,0.56293,0.085538,0.98313,0.23777,0.068686,0.78945,0.34247,0.086517,0.99438
825,9,3,8,3,60,30,4,3,2,73.45,661.05,0.67118,6.0406,0.21471,-0.94419,4,0.61054,-0.43937,6,-0.24573,-1.036,11,-0.24309,-0.98298,18,-0.051434,-0.59832,38,-0.5979,-0.59108,48,-0.035326,-0.79662,58,-0.22645,-1.0407,34,-0.34365,-0.76057,24,-0.39836,-1.2785,39,-0.02655,0.071068,0.81682,0.33116,0.088848,1.0212,0.69956,0.08448,0.97097,0.37757,0.085267,0.98002,0.51978,0.079635,0.91528
825,9,3,8,3,60,30,4,3,2,73.468,661.21,0.68932,6.2039,0.90228,-0.83807,3,0.67499,-0.56997,3,-0.32943,-0.92773,14,-0.56923,0.044881,23,0.17491,-0.63715,36,-0.36674,-0.51938,51,0.29635,-0.59159,60,-0.20086,-1.0331,43,0.49732,-0.63923,19,0.12657,-0.5654,37,0.003875,0.082877,0.95255,0.34861,0.082901,0.95282,0.61555,0.084572,0.97203,0.13287,0.078176,0.99312,0.34077,0.080005,0.91954
825,9,3,8,3,60,30,4,3,2,73.486,661.38,0.70746,6.3671,0.14369,-0.51552,2,0.6881,-1.1059,1,-0.28677,-0.74243,12,0.26795,-0.2657,13,-0.063112,-0.94043,36,-0.26327,-0.54805,48,0.023145,-1.0869,60,-0.26908,-1.004,30,-0.61085,-0.90373,15,-0.25715,-0.77138,30,-0.025014,0.074888,0.86072,0.34156,0.083472,0.95939,0.71956,0.081985,0.94229,0.1538,0.082918,0.96839,0.39902,0.082374,0.94677
825,9,3,8,3,60,30,4,3,2,73.505,661.54,0.7256,6.5304,-0.63944,1.0008,6,0.85915,0.46967,2,0.60883,-0.64189,9,0.23129,-1.0957,6,-0.018552,-0.83002,46,-0.10769,-0.23492,52,-0.025238,-0.53074,57,-0.21066,-0.71933,30,0.4181,-0.53335,18,-0.77997,-1.1038,34,-0.033486,0.072848,0.83727,0.42878,0.080994,0.9309,0.7248,0.082268,0.94555,0.14742,0.079115,0.92397,0.38598,0.076224,0.87608
825,9,3,8,3,60,30,4,3,2,73.523,661.7,0.74374,6.6937,1.2007,-1.7194,3,0.66274,-0.37796,7,0.26712,-1.5044,12,0.50005,-0.55824,7,-0.31778,-1.0705,42,0.12067,-0.82917,46,-0.27808,-0.51762,58,-0.030766,-0.88738,30,0.65217,-0.4401,18,-0.07061,-0.94324,34,-0.074753,0.055304,0.63564,0.083464,0.086951,0.99936,0.39163,0.087676,1.0077,0.15351,0.076335,0.87736,0.30038,0.093235,1.0716
825,9,3,8,3,60,30,4,3,2,73.541,661.87,0.76188,6.8569,-1.613,-1.8039,3,0.54564,-0.75347,2,0.068319,-1.091,12,-0.542,-0.71917,11,-0.16418,-1.0976,38,-0.48457,0.16094,44,-0.38813,-1.0228,58,-0.25517,-0.97342,22,-0.078146,-1.0132,20,-0.26114,-0.91109,36,-0.065982,0.058824,0.67609,0.13166,0.086688,0.99635,0.36933,0.084549,0.97176,0.16071,0.083078,0.95485,0.32744,0.078147,0.89818
825,9,3,8,3,60,30,4,3,2,73.559,662.03,0.78002,7.0202,0.43271,0.091602,4,-0.25437,-0.46017,6,-0.54288,-0.46502,11,-0.34079,0.65798,5,-0.76329,-1.0236,47,0.059119,-1.0631,42,-0.37262,-0.98043,56,-0.30617,-0.73022,25,0.0059924,-0.65188,18,0.43816,-1.6797,40,-0.034431,0.071541,0.82226,0.17003,0.083609,0.96096,0.45547,0.081545,0.93723,0.08397,0.046107,1.012,0.16469,0.083119,0.95532
825,9,3,8,3,60,30,4,3,2,73.577,662.19,0.79816,7.1834,-0.3592,-1.1422,2,0.44113,-0.20146,6,-1.0563,-1.5775,11,-0.42569,-0.024876,13,-0.38485,-0.80645,47,0.048346,-0.071887,47,-0.17111,-0.90547,57,-0.13873,-0.74711,22,0.34656,-0.65345,14,0.017045,-1.0675,37,-0.037494,0.07725,0.88788,0.39996,0.081739,0.93947,0.7165,0.079669,0.91567,0.1497,0.083855,0.96379,0.30795,0.091038,1.0463
825,9,3,8,3,60,30,4,3,2,73.595,662.36,0.8163,7.3467,-0.18928,-0.44679,5,0.66515,-0.44969,4,0.017274,-0.56032,13,-0.10451,0.17911,17,-0.50018,-0.87036,42,-0.55523,-0.56614,48,-0.38652,-1.3062,52,0.016838,-0.75546,29,0.38982,-0.31687,10,0.38371,-0.83624,36,-0.047439,0.073016,0.83921,0.35058,0.08597,0.98809,0.6783,0.083958,0.96497,0.15987,0.087021,1.0002,0.39366,0.089517,1.0289
825,9,3,8,3,60,270,4,3,3,73.777,663.99,0.0907,0.8163,0.54942,-0.013616,5,0.66262,-0.095207,12,0.29746,-0.3931,8,0.48557,0.050146,5,0.4186,-0.052506,12,0.20762,-0.73621,29,-0.14186,-1.5729,22,-0.20151,-1.04,19,0.68981,-0.53028,15,0.40691,-1.0693,22,0.19921,0.078216,0.89898,0.49062,0.081718,0.93922,0.7615,0.082301,0.94593,0,0,0,0,0,0
825,9,3,8,3,60,270,4,3,3,73.795,664.15,0.10884,0.97956,2.7563,0.89811,3,0.50092,-0.28489,12,-0.037556,-0.70888,17,0.45518,-0.70447,12,0.016751,-0.74367,14,-0.039409,-1.3323,30,0.044834,-0.79859,26,0.041124,-0.61406,22,0.043202,-1.0017,16,-0.61626,-0.74821,26,0.5596,0.07986,0.91787,0.81531,0.080695,0.92747,0.97563,0.048516,1.0335,0,0,0,0,0,0
825,9,3,8,3,60,270,4,3,3,73.813,664.32,0.12698,1.1428,1.0224,0.17111,3,0.53484,-0.57047,12,-0.03947,-0.86977,21,-0.028775,0.075758,21,0.17397,-0.9007,18,-0.74985,-0.45607,26,0.26818,-0.87144,19,-0.021657,-0.68257,31,0.086986,-0.92455,20,-0.26815,-0.10532,24,0.10026,0.075443,0.8671,0.30028,0.084451,0.97063,0.56703,0.081861,0.94086,0,0,0,0,0,0
825,9,3,8,3,60,270,4,3,3,73.831,664.48,0.14512,1.3061,0.46477,-0.059719,5,0.42037,-0.30775,12,-0.077999,-0.96053,13,0.018328,-0.040113,10,0.0073777,-0.95537,12,-0.061512,-1.165,30,-0.037844,-0.87994,23,0.097846,-0.6411,19,0.48535,-0.88108,13,0.41255,-0.7815,21,0.11667,0.073573,0.84561,0.36921,0.085355,0.98103,0.58814,0.084883,0.9756,0,0,0,0,0,0
825,9,3,8,3,60,270,4,3,3,73.849,664.64,0.16326,1.4693,0.41929,-0.087284,5,0.38422,-0.13634,10,-0.095962,-0.67808,13,0.22908,-0.55507,17,-0.074426,-0.81207,16,-0.43906,-0.97054,24,-0.2169,-1.3152,22,0.10728,-0.56423,26,-0.064703,-0.80095,9,-0.38571,-0.72259,22,0.12555,0.074606,0.85748,0.35148,0.080044,0.91998,0.60625,0.082974,0.95365,0,0,0,0,0,0
825,9,3,8,3,60,270,4,3,3,73.867,664.81,0.1814,1.6326,0.25662,-0.015898,5,-0.34003,-0.16062,13,-0.26004,-0.058638,13,0.25523,0.013355,6,-0.15159,-0.70291,15,-0.20774,-0.85327,31,-0.62537,-1.306,11,0.37867,-0.60663,15,0.03981,-0.50507,17,-0.4042,-0.23014,19,0.12847,0.073611,0.84605,0.37025,0.080452,0.92468,0.72623,0.086864,0.99837,0,0,0,0,0,0
825,9,3,8,3,60,270,4,3,3,73.886,664.97,0.19954,1.7959,0.4126,0.094677,8,-0.41987,-0.11777,17,-0.11482,-0.57474,11,0.072619,-0.031922,4,-0.16481,-0.6928,19,-0.26295,-1.2718,36,-0.12538,-0.94736,34,-0.079435,-0.90011,10,0.32291,-0.53704,16,-0.39109,-0.48994,20,0.10812,0.078981,0.90777,0.33239,0.084908,0.97589,0.57297,0.083528,0.96003,0,0,0,0,0,0
825,9,3,8,3,60,270,4,3,3,73.904,665.13,0.21768,1.9591,0.38652,-0.40544,8,-0.40468,-0.16937,19,-0.47511,-0.6269,15,0.15281,0.7509,10,-0.031817,-0.99815,23,-0.40964,-1.4416,43,-0.47354,-0.1455,34,0.35733,-0.76026,16,0.24913,-0.65602,19,-0.48467,-0.13138,22,0.13641,0.07863,0.90374,0.35907,0.08789,1.0102,0.56946,0.08549,0.98257,0,0,0,0,0,0
825,9,3,8,3,60,270,4,3,3,73.922,665.3,0.23582,2.1224,-0.89249,0.0047962,6,0.37518,-0.053367,8,-0.28294,-0.79402,10,0.11127,0.59053,6,-0.2156,-0.96767,25,-0.32281,-0.90119,48,-0.090792,-0.99356,37,0.046782,-0.82812,17,0.030808,-0.62415,13,-0.24604,-0.3516,18,0.3805,0.080972,0.93065,0.56835,0.083679,0.96176,0.93132,0.070544,0.96382,0,0,0,0,0,0
825,9,3,8,3,60,270,4,3,3,73.94,665.46,0.25396,2.2856,-1.4427,-0.44392,4,0.50189,-0.29653,5,0.55135,-0.61989,8,0.06398,0.52358,4,-0.11682,-0.99852,28,-0.48253,-0.63337,61,-0.45379,-0.93346,35,-0.44446,-0.38269,19,-0.18628,-0.54915,16,-0.055536,-0.77753,25,0.39637,0.080555,0.92585,0.57717,0.085833,0.98651,0.92523,0.07324,0.98212,0,0,0,0,0,0
825,9,3,8,3,60,270,4,3,3,73.958,665.62,0.2721,2.4489,-0.26741,-0.65427,8,0.45692,-0.26718,9,-0.079345,-0.6666,11,0.0098229,-1.5193,12,-0.16381,-0.78731,39,-0.3424,-0.86297,68,-0.56695,-1.5774,42,-1.3127,-0.22911,25,0.51044,-0.56333,13,0.017034,-0.73025,21,0.41874,0.082772,0.95134,0.67604,0.088273,1.0146,0.93045,0.073608,0.9691,0,0,0,0,0,0
825,9,3,8,3,60,270,4,3,3,73.976,665.79,0.29024,2.6122,-0.40205,-1.1251,7,0.51175,-0.16061,9,0.053696,-1.2025,12,-0.14991,0.016329,5,-0.0017102,-1.1079,48,-0.13133,-0.84778,59,-0.3196,-1.6071,43,-0.18922,-0.94402,19,0.3513,-0.79181,15,0.073809,-0.75549,23,0.059763,0.071238,0.81878,0.40532,0.084635,0.97275,0.66298,0.087614,1.007,0,0,0,0,0,0
825,9,3,8,3,60,270,4,3,3,73.994,665.95,0.30838,2.7754,0.49908,0.39827,4,0.51479,-0.15393,15,0.12025,-0.60096,13,-0.16785,1.2073,11,-0.020643,-0.73292,45,-0.014697,-1.016,71,0.0058392,-0.77434,38,-0.16964,-0.41812,33,0.39369,-0.10498,19,-0.17723,-0.59948,27,0.063273,0.067519,0.77602,0.40558,0.08105,0.93154,0.69177,0.082868,0.95244,0,0,0,0,0,0
825,9,3,8,3,60,270,4,3,3,74.013,666.11,0.32652,2.9387,0.96395,-0.077384,8,0.6423,-0.24037,9,-0.043688,-0.97215,19,-0.72563,-0.95238,9,0.087331,-0.068573,57,-0.14493,-0.83527,64,-0.4168,-0.83271,52,-0.0046212,-0.62743,28,0.031657,-0.40746,10,0.084264,-0.4937,24,0.066957,0.072056,0.82818,0.40382,0.082489,0.94809,0.69506,0.080111,0.92075,0,0,0,0,0,0
825,9,3,8,3,60,270,4,3,3,74.031,666.28,0.34466,3.1019,0.72846,-0.49023,7,0.58285,-0.26612,10,-0.21928,-0.8716,14,-0.024031,-0.50915,10,0.13598,-0.89231,45,0.080332,-0.62775,61,-0.42797,-0.62501,50,0.073179,-0.69075,29,0.63303,-0.63928,9,0.090579,-0.65025,27,0.088303,0.075016,0.8622,0.41012,0.08185,0.94074,0.69773,0.077969,0.89613,0,0,0,0,0,0
825,9,3,8,3,60,270,4,3,3,74.049,666.44,0.3628,3.2652,-0.87621,-0.35478,4,0.45679,-0.19204,11,-0.018925,-0.7555,17,0.047906,-0.018033,13,0.024615,-0.81372,37,-0.047262,-1.2299,59,-0.051554,-1.5282,46,-0.058368,-0.5068,25,0.22284,-0.56793,17,0.35366,-0.49701,24,0.42424,0.081421,0.93581,0.70098,0.080666,0.92714,0.90684,0.080851,0.97573,0,0,0,0,0,0
825,9,3,8,3,60,270,4,3,3,74.067,666.6,0.38094,3.4285,-0.24275,0.945,2,-0.14194,-0.17574,9,-0.05833,-0.63605,15,0.054971,0.64046,14,0.011095,-1.1115,36,-0.12823,-0.78678,67,-0.14116,-1.0823,48,0.035149,-0.65063,26,0.50595,-0.4826,9,0.34019,-0.78293,21,0.42639,0.0824,0.94707,0.70193,0.079249,0.91085,0.91426,0.0767,0.95757,0,0,0,0,0,0
825,9,3,8,3,60,270,4,3,3,74.085,666.77,0.39908,3.5917,0.10433,-0.086279,9,0.61076,-0.26079,6,0.15589,-0.7178,6,0.58072,-0.46879,5,0.097909,-0.86596,41,-0.022312,-1.5513,59,-0.096925,-2.0733,47,-0.49267,-0.27502,15,0.27013,-0.7236,17,0.082506,-0.78383,24,0.41884,0.079303,0.91147,0.73267,0.081537,0.93714,0.9417,0.058623,0.96486,0,0,0,0,0,0
825,9,3,8,3,60,270,4,3,3,74.103,666.93,0.41722,3.755,-0.39388,-0.14213,5,0.53716,-0.16926,8,-0.12356,-0.76255,6,0.84378,-0.054178,6,-0.012996,-0.86002,43,-0.010097,-0.76953,67,-0.059198,-1.6373,50,-0.47725,-0.68802,21,0.2732,-0.50927,12,-0.28709,-0.33657,18,0.41338,0.078316,0.90012,0.73154,0.082635,0.94977,0.93988,0.056902,0.95832,0,0,0,0,0,0
825,9,3,8,3,60,270,4,3,3,74.121,667.09,0.43536,3.9182,-0.17087,-2.3895,3,-0.57895,-0.28533,3,-0.97969,-0.48756,6,-0.48624,-0.018031,3,0.033183,-1.3197,30,0.084883,-0.69977,57,-0.32991,-0.81158,46,0.21752,-0.53942,27,0.096905,-0.51208,15,0.054868,-0.97002,28,0.41639,0.074366,0.85472,0.74093,0.083058,0.95462,0.92856,0.055327,0.9318,0,0,0,0,0,0
825,9,3,8,3,60,270,4,3,3,74.139,667.26,0.4535,4.0815,-0.96709,0.46368,5,0.87711,-0.21665,3,-0.057118,-0.027975,9,-1.7316,-3.2748,4,0.085424,-0.54825,31,0.1399,-0.040811,67,-0.094897,-0.085274,47,-0.31573,-0.48472,19,0.43355,-0.48933,12,0.44001,-1.0433,29,0.098284,0.074824,0.85999,0.43181,0.080529,0.92555,0.73437,0.086244,0.99124,0,0,0,0,0,0
825,9,3,8,3,60,270,4,3,3,74.158,667.42,0.47164,4.2448,-1.5674,-0.090624,4,-0.41455,-0.19652,6,-0.63634,-0.059475,9,-0.012078,-2.4969,8,0.040954,-0.3283,29,0.057057,-1.0196,64,-0.0084119,-0.6385,45,-0.13554,-0.1271,25,0.22648,-0.11085,11,0.38002,-1.2248,22,0.096931,0.077097,0.88611,0.42978,0.082258,0.94543,0.82752,0.080785,0.92851,0,0,0,0,0,0
825,9,3,8,3,60,270,4,3,3,74.176,667.58,0.48978,4.408,1.3892,-1.299,3,0.39169,-0.20028,1,-0.021281,-0.2144,11,0.031252,-2.2523,11,0.066645,-0.47256,34,0.015501,-0.6921,55,0.05474,-1.0303,41,0.024572,-0.73407,29,0.238,-0.48002,11,0.0024785,-1.076,28,0.11297,0.072785,0.83655,0.43107,0.084386,0.96988,0.83862,0.080568,0.92601,0,0,0,0,0,0
825,9,3,8,3,60,270,4,3,3,74.194,667.75,0.50792,4.5713,1.1435,-0.36116,5,-1.3051,-0.44881,4,0.54712,0.017827,7,0.27665,-1.251,10,0.21487,-1.145,29,0.057392,-0.90655,63,-0.0016592,-0.80014,47,-0.066726,-0.88393,25,0.15647,-0.72181,7,0.049774,-0.80851,29,0.11821,0.074423,0.85538,0.43315,0.083007,0.95404,0.84482,0.0808,0.92867,0,0,0,0,0,0
825,9,3,8,3,60,270,4,3,3,74.212,667.91,0.52606,4.7345,1.511,-0.1426,3,1.2889,-0.011983,3,-0.12675,-0.45158,9,0.13909,1.1801,5,0.10875,-0.62277,33,0.098916,-0.82342,53,0.11643,-1.2461,45,-0.095724,-0.59843,20,0.14363,-0.57236,16,0.13589,-1.1515,27,0.12723,0.071872,0.82606,0.44884,0.083486,0.95954,0.6774,0.084764,0.97423,0,0,0,0,0,0
825,9,3,8,3,60,270,4,3,3,74.23,668.07,0.5442,4.8978,0.50854,0.060235,5,0.49024,0.091181,3,-0.45663,-0.31994,12,0.44222,-0.51691,13,0.07359,-1.1625,29,0.054679,-0.92931,50,0.13529,-1.2758,52,-0.23863,0.12594,19,0.11914,-0.63007,12,0.046309,-0.98885,28,0.1273,0.076931,0.88421,0.44767,0.083619,0.96107,0.67656,0.083886,0.96414,0,0,0,0,0,0
825,9,3,8,3,60,270,4,3,3,74.248,668.24,0.56234,5.0611,0.78811,0.021278,7,0.31023,-0.38952,4,0.45128,-0.67776,14,0.33901,-0.020883,7,0.052454,-1.2382,34,0.16641,-0.52871,60,0.045307,-0.95593,51,0.04997,-0.84898,18,0.34132,-0.89374,17,0.032427,-0.99827,21,0.13111,0.075705,0.87011,0.45867,0.086133,0.98997,0.68687,0.084764,0.97423,0,0,0,0,0,0
825,9,3,8,3,60,270,4,3,3,74.266,668.4,0.58048,5.2243,0.0037147,-0.02051,7,0.25639,-0.28043,5,0.14188,-0.089009,9,-0.70982,0.627,10,0.13166,-1.2271,30,0.10454,-0.689,48,-0.0081608,-1.1229,47,-0.38444,-1.0963,19,0.22124,0.00044049,12,0.090484,-0.68396,22,0.1287,0.076285,0.87678,0.45107,0.084075,0.96632,0.6905,0.084171,0.96742,0,0,0,0,0,0
825,9,3,8,3,60,270,4,3,3,74.285,668.56,0.59862,5.3876,0.60989,-0.013611,5,-0.0050989,-0.35412,10,0.30677,-0.14413,9,1.0248,-0.5483,5,0.057863,-0.7413,39,-0.01698,-0.65207,59,-0.030088,-1.2971,43,-0.069044,-0.7955,27,0.40174,-0.6097,17,0.19347,-1.3138,31,0.12546,0.072472,0.83296,0.37916,0.078752,0.90513,0.68385,0.082753,0.95112,0,0,0,0,0,0
825,9,3,8,3,60,270,4,3,3,74.303,668.72,0.61676,5.5508,-0.79647,0.02662,7,-0.62703,-0.53787,8,0.43555,-0.58743,11,-0.65634,-0.59592,8,-0.099978,-1.079,44,0.11494,-0.91598,60,-0.15382,-1.3437,47,-0.43059,-1.1077,22,0.43411,-1.0548,14,0.11753,-1.3426,29,0.15031,0.077382,0.88939,0.37686,0.079877,0.91806,0.69561,0.07979,0.91706,0,0,0,0,0,0
825,9,3,8,3,60,270,4,3,3,74.321,668.89,0.6349,5.7141,-0.0078857,-0.0028109,7,-0.66727,-0.29394,7,-0.0062787,-1.0239,11,-1.3169,-0.26692,3,-0.036685,-0.94451,44,0.037215,-1.534,43,-0.20389,-1.2417,40,-0.33831,-0.76159,16,0.16933,-0.77229,13,0.068607,-0.89238,27,0.15145,0.077813,0.89434,0.3819,0.082487,0.94806,0.6874,0.080184,0.9216,0,0,0,0,0,0
825,9,3,8,3,60,270,4,3,3,74.339,669.05,0.65304,5.8774,-0.74623,-0.030133,5,-0.60615,-0.2237,7,-0.48643,-0.39412,12,0.2215,-0.24156,4,0.070442,-0.64415,42,-0.038096,-0.64665,54,-0.10423,-1.2363,35,-0.16884,-0.81625,20,0.52061,-0.72673,10,0.064297,-0.83393,27,0.14819,0.076723,0.88182,0.40086,0.082411,0.94718,0.65381,0.085911,0.98742,0,0,0,0,0,0
825,9,3,8,3,60,270,4,3,3,74.357,669.21,0.67118,6.0406,-0.4513,-0.47076,6,-0.33832,-0.096029,8,-0.035733,-0.57225,14,0.77536,-0.60706,3,0.10311,-0.89464,49,-0.044178,-0.59333,58,-0.097176,-1.1134,38,-0.022998,-0.67656,21,0.3636,-0.61097,13,0.0079842,-0.68169,31,0.144,0.079811,0.9173,0.39859,0.083715,0.96218,0.6869,0.075674,0.86976,0,0,0,0,0,0
825,9,3,8,3,60,270,4,3,3,74.375,669.38,0.68932,6.2039,1.5882,0.28464,5,-0.34222,-0.51343,12,0.24442,-0.62528,18,0.33304,-0.89045,6,0.038343,-0.81514,55,0.00092866,-0.99002,74,-0.03432,-1.0664,44,0.064339,-0.69381,29,0.48315,-0.80304,20,0.15403,-1.6142,26,0.1346,0.07881,0.9058,0.39177,0.084369,0.9697,0.68145,0.078552,0.90284,0,0,0,0,0,0
825,9,3,8,3,60,270,4,3,3,74.393,669.54,0.70746,6.3671,0.99427,0.015706,9,-0.46381,-0.13018,7,-0.039893,-0.85695,17,0.10254,-0.015526,13,0.011054,-0.80537,50,-0.022768,-0.93939,75,-0.027946,-1.0755,43,0.12639,-0.90334,38,0.48049,-0.62364,17,0.22469,-1.5928,28,0.13511,0.07941,0.9127,0.41478,0.086722,0.99674,0.69044,0.078971,0.90765,0,0,0,0,0,0
825,9,3,8,3,60,270,4,3,3,74.412,669.7,0.7256,6.5304,0.53774,-0.0047852,3,-0.49209,-0.37372,12,0.024615,-1.1611,13,-0.24584,-1.605,15,-0.074277,-0.51862,51,0.16771,-0.95136,73,-0.18836,-1.4825,45,-0.082664,-0.2629,34,0.10691,-0.36464,12,-0.37333,-0.59269,29,0.151,0.083496,0.95966,0.43606,0.084237,0.96818,0.68941,0.077342,0.88893,0,0,0,0,0,0
825,9,3,8,3,60,270,4,3,3,74.43,669.87,0.74374,6.6937,1.9955,0.026368,6,-0.77579,-0.28118,16,-0.73444,-0.66235,17,-0.65782,-0.082008,12,-0.077189,-0.61307,59,0.04458,-0.98471,65,-0.13803,-0.87865,52,-0.21298,-0.60435,30,-0.23419,-0.05312,14,-0.10944,-0.60831,30,0.15437,0.084215,0.96792,0.46124,0.082646,0.94989,0.69535,0.079371,0.91225,0,0,0,0,0,0
825,9,3,8,3,60,270,4,3,3,74.448,670.03,0.76188,6.8569,0.21444,0.037776,3,-0.5567,-0.19527,20,0.15235,-0.48348,13,-0.6834,-0.25135,12,0.025581,-0.47458,58,0.064238,-0.50639,62,-0.089767,-1.0455,46,-0.022084,-0.56842,44,-0.07934,-0.61585,20,0.27825,-0.29881,27,0.15698,0.08165,0.93844,0.51309,0.07901,0.9081,0.72612,0.07962,0.91511,0,0,0,0,0,0
825,9,3,8,3,60,270,4,3,3,74.466,670.19,0.78002,7.0202,0.022955,-1.4621,1,0.24638,-0.013882,16,0.54681,-0.10165,11,-0.12319,-0.17113,13,0.083185,-0.8165,43,-0.014168,-0.090737,63,0.087353,-0.13919,51,-0.040574,-0.50533,36,0.55217,0.0012291,20,0.0091285,-0.64166,22,0.17416,0.084367,0.96967,0.49428,0.084743,0.974,0.72073,0.084537,0.97163,0,0,0,0,0,0
825,9,3,8,3,60,270,4,3,3,74.484,670.36,0.79816,7.1834,0.40231,0.0016913,5,-0.83242,-0.16944,18,0.46837,-0.66398,12,0.043098,-0.9623,13,0.087997,-0.94735,34,0.0056379,-0.82674,64,0.060295,-0.049387,46,0.071461,-0.57388,41,-0.69322,-0.10256,24,0.073154,-0.72428,27,0.18052,0.083742,0.96249,0.50192,0.083382,0.95835,0.7541,0.083148,0.95566,0,0,0,0,0,0
825,9,3,8,3,60,270,4,3,3,74.502,670.52,0.8163,7.3467,0.10331,-0.1578,7,-0.030096,0.018424,27,-0.086928,-0.36793,16,-0.033029,0.019193,9,-0.078697,-0.49791,44,-0.18203,0.24024,51,0.053124,0.89401,47,-0.075806,-0.36321,41,0.054015,0.048492,20,0.12988,0.078635,25,0.20054,0.085444,0.98205,0.52083,0.081291,0.93431,0.74762,0.084598,0.97233,0,0,0,0,0,0